Track;Artist;Album;Year;Tempo;Duration_Min;Genre;Popularity;ArtistID;GenreID;TimeID
All Over The World - Above & Beyond Extended Club Mix;Above & Beyond;The Club Mix Collection;2009;128012;68711;Tech House;9;1;1;18
No One On Earth (Above & Beyond Respray) [Mixed] - Gabriel & Dresden Remix;Above & Beyond;A State Of Trance 1000 - Celebration Mix (Mixed by Armin van Buuren);2009;130027;1,23067E+16;Tech House;21;1;1;18
Alone Tonight - Above & Beyond Club Mix (Edit);Above & Beyond;The Club Mix Collection;2009;137909;344;Techno;33;1;2;18
On a Good Day - Above & Beyond Radio Edit;Above & Beyond;On A Good Day;2009;136002;3,68933E+16;Techno;20;1;2;18
Blue Sky Action - Above & Beyond Extended Club Mix;Above & Beyond;Blue Sky Action;2014;130014;6,67043E+16;Tech House;16;1;1;23
Ten Feet Tall;AFROJACK;Forget The World (Deluxe);2014;127049;381915;Future House;59;3;3;23
The Spark;AFROJACK;Forget The World (Deluxe);2014;126051;4,01488E+16;Future House;53;3;3;23
Can't Sleep - Radio Edit;Above & Beyond;Can't Sleep;2013;132991;3,21443E+16;Techno;38;1;2;22
Do I See Color;Adventure Club;Do I See Color - Single;2013;139956;385445;Techno;38;2;2;22
Fade (feat. Zak Waters);Adventure Club;Red // Blue;2013;100831;3,46238E+16;Deep House;35;2;5;22
As Your Friend;AFROJACK;As Your Friend;2013;128033;4,00007E+16;Tech House;37;3;1;22
Sun & Moon;Above & Beyond;Acoustic;2011;136804;4,80043E+16;Techno;36;1;2;20
Thing Called Love - Original Mix;Above & Beyond;Group Therapy;2011;134019;5,48888E+16;Techno;40;1;2;20
Happiness Amplified;Above & Beyond;Common Ground;2019;125985;55491;Future House;34;1;3;28
Rise & Fall (feat. Krewella);Adventure Club;Rise & Fall (feat. Krewella);2019;140023;60307;Trance;40;2;6;28
Force;Alan Walker;Origins;2019;105009;4,00008E+16;Deep House;49;4;5;28
We’re All We Need - SpectraSoul Remix (Mixed);Above & Beyond;Anjunabeats presents Drum & Bass 01 (DJ Mix);2015;171996;40465;Hardstyle/Hardcore;24;1;4;24
Faded;Alan Walker;Faded;2015;90011;3,54377E+16;Downtempo;70;4;7;24
On My Way;Alan Walker;On My Way;2015;170087;322995;Hardstyle/Hardcore;73;4;4;24
Spectre;Alan Walker;Origins;2015;12795;38439;Future House;53;4;3;24
Crash 2.0;Adventure Club;Red // Blue;2018;127975;4,24798E+15;Future House;47;2;3;27
Need Your Heart (feat. Kai);Adventure Club;Need Your Heart (feat. Kai);2018;140093;4,02613E+16;Trance;41;2;6;27
Wonder (feat. The Kite String Tangle);Adventure Club;Calling All Heroes;2018;123;4,85373E+16;Future House;41;2;3;27
Darkside;Alan Walker;Different World;2018;169988;3528;Hardstyle/Hardcore;72;4;4;27
Gold (feat. Yuna);Adventure Club;Calling All Heroes;2016;145022;4,28407E+16;Trance;46;2;6;25
Rebellious (feat. Yuna);Adventure Club;Love // Chaos;2016;79004;3,83902E+16;Downtempo;25;2;7;25
Alone;Alan Walker;Alone;2016;97019;2,68667E+16;Downtempo;61;4;7;25
Sing Me to Sleep;Alan Walker;Sing Me to Sleep;2016;176112;315555;Hardstyle/Hardcore;59;4;4;25
Limitless (feat. Delaney Jane);Adventure Club;Red // Blue;2017;80033;4,07683E+16;Downtempo;39;2;7;26
All Falls Down (feat. Juliander);Alan Walker;All Falls Down (feat. Juliander);2017;97976;3,31852E+16;Downtempo;61;4;7;26
The Spectre;Alan Walker;The Spectre;2017;127957;3,22978E+16;Future House;72;4;3;26
Take over Control (feat. Eva Simons);AFROJACK;Take over Control (feat. Eva Simons);2010;129944;3,67533E+16;Tech House;52;3;1;19
No Beef;AFROJACK;No Beef;2012;12798;603235;Future House;44;3;3;21
Rock The House;AFROJACK;Rock The House;2012;130049;3,84652E+16;Tech House;37;3;1;21
Tired;Alan Walker;Tired;2019;123994;320185;Future House;61;4;3;28
Cool;Alesso;Forever;2015;128023;369;Tech House;54;5;1;24
Heroes (we could be);Alesso;Forever;2014;125896;3,50022E+16;Future House;71;5;3;23
Midnight (feat. Liam Payne);Alesso;Midnight (feat. Liam Payne);2018;144029;3669;Trance;55;5;6;27
Only You;Alesso;Only You;2016;129035;2,41957E+16;Tech House;55;5;1;25
Sweet Escape;Alesso;Forever;2015;126029;387555;Future House;50;5;3;24
Tear The Roof Up - Radio Edit;Alesso;Forever;2013;126023;32631;Future House;32;5;3;22
Church;Alison Wonderland;Awake;2018;94052;30652;Downtempo;44;6;7;27
Cold;Alison Wonderland;Run;2018;140977;354655;Trance;25;6;6;27
Cry;Alison Wonderland;Awake;2018;161964;3,33237E+16;Hardstyle/Hardcore;38;6;4;27
Games;Alison Wonderland;Run;2018;164848;359865;Hardstyle/Hardcore;29;6;4;27
Happy Place;Alison Wonderland;Awake;2018;150072;3,34172E+16;Hardstyle/Hardcore;36;6;4;27
Here 4 U - Alison Wonderland x BLESSUS;Alison Wonderland;Awake;2020;160048;275625;Hardstyle/Hardcore;33;6;4;29
I Want U;Alison Wonderland;Run;2018;140033;3,50028E+16;Trance;52;6;6;27
No;Alison Wonderland;Awake;2018;174034;4,00928E+16;Hardstyle/Hardcore;31;6;4;27
Run;Alison Wonderland;Run;2018;14502;3,64638E+16;Trance;44;6;6;27
U Don’t Know;Alison Wonderland;Run;2019;138055;4,06042E+16;Techno;40;6;2;28
Ageispolis;Aphex Twin;Selected Ambient Works 85-92;1999;101757;5,38643E+16;Deep House;54;7;5;8
Alberto Balsalm;Aphex Twin;...I Care Because You Do;1995;93988;51791;Downtempo;55;7;7;4
Avril 14th;Aphex Twin;Drukqs;2001;157811;2092;Hardstyle/Hardcore;64;7;4;10
Flim;Aphex Twin;Come To Daddy;1997;14798;295155;Trance;57;7;6;6
Girl/Boy Song;Aphex Twin;Richard D. James Album;1995;168937;4,88043E+16;Hardstyle/Hardcore;39;7;4;4
On;Aphex Twin;On;2014;134984;7,21488E+16;Techno;38;7;2;23
Polynomial-C;Aphex Twin;Classics;1992;72287;47751;Downtempo;43;7;7;2
Vordhosbn;Aphex Twin;Drukqs;2010;170071;4,85643E+16;Hardstyle/Hardcore;44;7;4;19
Windowlicker;Aphex Twin;Windowlicker;1999;123023;6094;Future House;52;7;3;8
Xtal;Aphex Twin;Selected Ambient Works 85-92;1992;114532;489585;Deep House;61;7;5;2
Beautiful Life;Armin van Buuren;Intense;2018;128001;6144;Tech House;39;8;1;27
Blah Blah Blah;Armin van Buuren;Blah Blah Blah;2009;138009;3,05863E+16;Techno;64;8;2;18
Communication;Armin van Buuren;Communication;1999;135959;3,32778E+16;Techno;45;8;2;8
I Need You;Armin van Buuren;I Need You (feat. Olaf Blackwood);2015;106997;3,44583E+16;Deep House;43;8;5;24
Not Giving Up On Love;Armin van Buuren;Mirage;2010;131063;2896;Tech House;47;8;1;19
Ping Pong - Hardwell Remix;Armin van Buuren;Ping Pong (Hardwell Remix);2012;129956;3,01538E+16;Tech House;47;8;1;21
Shivers;Armin van Buuren;Armin Anthems Top 100 (Ultimate Singles Collected);2022;135007;31636;Techno;41;8;2;31
This Is What It Feels Like - Armin van Buuren 2023 Remix;Armin van Buuren;This Is What It Feels Like (Armin van Buuren 2023 Remix);2023;129902;3,65287E+16;Tech House;54;8;1;32
Turn The World Into A Dancefloor (ASOT 1000 Anthem);Armin van Buuren;A State Of Trance FOREVER;2022;135009;3,56668E+16;Techno;33;8;2;31
Hindsight - Original Mix;Audien;Hindsight;2014;128007;475;Tech House;28;9;1;23
Living in Color;Audien;Living in Color;2016;127914;2875;Future House;51;9;3;25
Something Better;Audien;Daydreams;2015;12608;354365;Future House;46;9;3;24
Wish It Was You;Audien;Wish It Was You;2019;124957;32;Future House;53;9;3;28
Fade Into Darkness - Vocal Radio Mix;Avicii;Fade Into Darkness;2011;125997;3,30222E+16;Future House;58;10;3;20
Hey Brother;Avicii;True;2013;125014;425155;Future House;78;10;3;22
Levels - Original Version;Avicii;Levels;2011;12599;5,64777E+16;Future House;60;10;3;20
Silhouettes - Original Radio Edit;Avicii;Silhouettes;2012;128074;3,53133E+16;Tech House;65;10;1;21
The Days;Avicii;The Days / Nights;2014;127059;4,64133E+16;Future House;65;10;3;23
The Nights;Avicii;The Days / Nights;2013;125983;29443;Future House;85;10;3;22
Waiting For Love;Avicii;Stories;2015;127999;384355;Future House;80;10;3;24
Wake Me Up;Avicii;True;2013;12408;4,12377E+16;Future House;86;10;3;22
Without You (feat. Sandro Cavazza);Avicii;AV?CI - 01;2017;133993;3,02787E+16;Techno;77;10;2;26
You Make Me;Avicii;True;2013;12499;38891;Future House;65;10;3;22
Center of the Universe - Radio Edit;Axwell;Center of the Universe (Original Radio Edit);2013;129019;362955;Tech House;29;11;1;22
Feel The Vibe;Axwell;Feel The Vibe;2007;128009;7,11577E+16;Tech House;37;11;1;16
Heart Is King;Axwell;Heart Is King;2012;127954;6,91538E+16;Future House;18;11;3;21
I Found U - Radio Edit;Axwell;I Found U;2013;129978;2,86133E+16;Tech House;25;11;1;22
Leave The World Behind - Radio Edit;Axwell;Leave The World Behind;2009;128055;26953;Tech House;58;11;1;18
Nothing But Love - Axwell vs Daddy's Groove Remix;Axwell;Nothing But Love (Remixes);2011;128968;617535;Tech House;13;11;1;20
Dreamer;Axwell /\ Ingrosso;More Than You Know;2016;126017;4,18578E+16;Future House;60;12;3;25
I Love You;Axwell /\ Ingrosso;More Than You Know;2015;114895;31831;Deep House;50;12;5;24
More Than You Know;Axwell /\ Ingrosso;More Than You Know;2017;123077;3,38333E+16;Future House;80;12;3;26
On My Way;Axwell /\ Ingrosso;More Than You Know;2017;127978;4,41333E+16;Future House;50;12;3;26
Renegade;Axwell /\ Ingrosso;More Than You Know;2015;120054;3,19822E+16;House;46;12;8;24
Something New;Axwell /\ Ingrosso;More Than You Know;2016;129952;41191;Tech House;56;12;1;25
Sun Is Shining;Axwell /\ Ingrosso;More Than You Know;2015;131993;4,24422E+16;Tech House;66;12;1;24
Bass Head;Bassnectar;Timestretch;2011;8498;66147;Downtempo;41;13;7;20
Boomerang;Bassnectar;Divergent Spectrum;2013;139967;44;Techno;21;13;2;22
Butterfly;Bassnectar;Vava Voom;2011;140007;43;Trance;38;13;6;20
Empathy;Bassnectar;Vava Voom;2017;140014;434285;Trance;39;13;6;26
The Matrix;Bassnectar;Divergent Spectrum;2010;169916;4,42352E+15;Hardstyle/Hardcore;30;13;4;19
Timestretch;Bassnectar;Timestretch;2010;13992;60357;Techno;37;13;2;19
Vava Voom;Bassnectar;Vava Voom;2012;140044;3,82857E+16;Trance;33;13;6;21
You & Me (feat. W. Darling);Bassnectar;Noise vs Beauty;2013;140041;4,07142E+16;Trance;40;13;6;22
Cinema (feat. Gary Go) - Skrillex Remix;Benny Benassi;Electroman;2011;145077;51331;Trance;61;14;6;20
My House (feat. Jean-Baptiste Kouame);Benny Benassi;Electroman;2008;125959;3,44733E+16;Future House;16;14;3;17
No Matter What You Do - Benny Benassi Presents the Biz, Sfact Video Edit;Benny Benassi;Benny Benassi - The Best Satisfaction;2008;130023;3,45033E+16;Tech House;31;14;1;17
Paradise - Radio Edit;Benny Benassi;Paradise (Radio Edit);2008;127877;3,88613E+16;Future House;45;14;3;17
Satisfaction;Benny Benassi;Hypnotica;2002;129984;4,75688E+16;Tech House;56;14;1;11
Crush Me Down (You Spin Me Around);Blasterjaxx;Crush Me Down (You Spin Me Around);2014;149927;2,02053E+16;Trance;62;15;6;23
He's A Pirate;Blasterjaxx;He's A Pirate;2011;134967;305925;Techno;50;15;2;20
Narco;Blasterjaxx;Narco;2018;129961;3,47723E+16;Tech House;63;15;1;27
Shadows;Blasterjaxx;Shadows;2016;74983;3,57333E+16;Downtempo;48;15;7;25
I Feel for You;Bob Sinclar;Champs Elysées;2006;129974;5,84688E+16;Tech House;48;16;1;15
Kiss My Eyes;Bob Sinclar;III;2008;12698;4,34198E+16;Future House;33;16;3;17
Love Generation - Edit;Bob Sinclar;Love Generation (Edit);2005;128047;340175;Tech House;71;16;1;14
Rock This Party (Everybody Dance Now);Bob Sinclar;Rock This Party (Everybody Dance Now);2006;128011;40911;Tech House;70;16;1;15
Samba in Hell - Erik Hagleton Remix;Bob Sinclar;Samba in Hell;2018;126021;66671;Future House;8;16;3;27
Tik Tok;Bob Sinclar;Disco Crash;2006;130044;3,11443E+16;Tech House;36;16;1;15
Together;Bob Sinclar;Soundz of Freedom (My Ultimate Summer of Love Mix);2012;128;6,87472E+15;Tech House;36;16;1;21
World, Hold On - FISHER Rework;Bob Sinclar;World, Hold On (FISHER Rework);2020;127006;2,97173E+16;Future House;68;16;3;29
Anywhere But Home;Breathe Carolina;Anywhere But Home;2010;128096;3,17227E+16;Tech House;27;17;1;19
Blackout;Breathe Carolina;Hell Is What You Make It;2013;122951;3,50333E+16;House;51;17;8;22
Dance All Night;Breathe Carolina;Dance All Night;2011;140013;2,15892E+16;Trance;0;17;6;20
Hello Fascination;Breathe Carolina;Hello Fascination;2009;139988;33671;Techno;37;17;2;18
I.D.G.A.F;Breathe Carolina;Hello Fascination;2014;119997;3,23488E+16;House;36;17;8;23
Sellouts;Breathe Carolina;Savages;2019;15998;4,81422E+16;Hardstyle/Hardcore;46;17;4;28
Show Me Yours;Breathe Carolina;It's Classy, Not Classic;2018;144979;3,83243E+16;Trance;21;17;6;27
Blame (feat. John Newman);Calvin Harris;Motion;2014;128024;3,54933E+16;Tech House;81;18;1;23
Feel So Close - Radio Edit;Calvin Harris;18 Months;2011;127937;3,44022E+16;Future House;85;18;3;20
How Deep Is Your Love;Calvin Harris;How Deep Is Your Love;2015;122003;3544;House;81;18;8;24
I Need Your Love (feat. Ellie Goulding);Calvin Harris;18 Months;2013;124989;3,90843E+16;Future House;75;18;3;22
My Way;Calvin Harris;My Way;2016;119986;365265;House;79;18;8;25
Outside (feat. Ellie Goulding);Calvin Harris;Motion;2015;128035;3,78777E+16;Tech House;85;18;1;24
Summer;Calvin Harris;Motion;2014;127949;3,70888E+16;Future House;86;18;3;23
Sweet Nothing (feat. Florence Welch);Calvin Harris;18 Months;2012;127934;3,54267E+16;Future House;77;18;3;21
This Is What You Came For;Calvin Harris;This Is What You Came For;2016;123962;3,70267E+16;Future House;84;18;3;25
Dr. Funk (Riva Starr Mo' Funk Mix);Carl Cox;Dr. Funk (Riva Starr Remixes);2006;126002;6007;Future House;42;19;3;15
Give Me Your Love - Valentino Kanzyani Mixshow;Carl Cox;Give Me Your Love;2005;13101;5,94822E+16;Tech House;1;19;1;14
I Want You (Forever) - Josh Butler Remix - Radio Edit;Carl Cox;I Want You (Forever) [Josh Butler Remix];2011;126016;4,09523E+16;Future House;57;19;3;20
The Latin Theme - Roel Salemink & Steve Mulder Remix;Carl Cox;The Latin Theme;2007;127984;733125;Future House;30;19;3;16
Cry Baby;Clean Bandit;Cry Baby;2018;118979;26181;House;75;20;8;27
Disconnect;Clean Bandit;Disconnect;2018;123972;420055;Future House;42;20;3;27
Extraordinary (feat. Sharna Bass);Clean Bandit;New Eyes;2018;126962;4,27793E+16;Future House;27;20;3;27
Mama (feat. Ellie Goulding);Clean Bandit;What Is Love? (Deluxe Edition);2016;102046;3,16622E+16;Deep House;51;20;5;25
Rather Be (feat. Jess Glynne);Clean Bandit;Rather Be (feat. Jess Glynne);2014;12097;3,79722E+16;House;72;20;8;23
Rockabye (feat. Sean Paul & Anne-Marie);Clean Bandit;What Is Love? (Deluxe Edition);2016;102002;4,18622E+16;Deep House;77;20;5;25
Solo (feat. Demi Lovato);Clean Bandit;What Is Love? (Deluxe Edition);2018;104966;3,71177E+16;Deep House;71;20;5;27
Symphony (feat. Zara Larsson);Clean Bandit;What Is Love? (Deluxe Edition);2017;122956;354555;House;77;20;8;26
Up Again (feat. Rae Morris) - Drumsound & Bassline Smith Remix;Clean Bandit;New Eyes;2015;171968;3,47748E+16;Hardstyle/Hardcore;16;20;4;24
Aerodynamic;Daft Punk;Discovery;2001;122902;3,54243E+16;House;60;21;8;10
Around the World;Daft Punk;Homework;1997;121294;7,15888E+16;House;72;21;8;6
Da Funk;Daft Punk;Homework;1997;111215;5478;Deep House;62;21;5;6
Digital Love;Daft Punk;Discovery;2001;124726;5,02288E+16;Future House;65;21;3;10
Get Lucky (feat. Pharrell Williams and Nile Rodgers);Daft Punk;Random Access Memories;2013;11605;6,16043E+16;House;73;21;8;22
Harder, Better, Faster, Stronger;Daft Punk;Discovery;2001;123474;3,74488E+16;Future House;70;21;3;10
Instant Crush (feat. Julian Casablancas);Daft Punk;Random Access Memories;2013;109942;5626;Deep House;75;21;5;22
Lose Yourself to Dance (feat. Pharrell Williams);Daft Punk;Random Access Memories;2013;100163;5,89822E+16;Deep House;68;21;5;22
One More Time;Daft Punk;Discovery;2000;122746;5,33928E+16;House;76;21;8;9
Robot Rock;Daft Punk;Human After All;2005;111926;4,79533E+16;Deep House;51;21;5;14
Feel the Beat;Darude;Before the Storm, Special Edition;2000;137822;432;Techno;52;22;2;9
Music - Original Radio Edit;Darude;Music;1999;137965;37571;Techno;26;22;2;8
Out Of Control (Back For More);Darude;Before the Storm, Special Edition;2009;136854;362755;Techno;30;22;2;18
Rush;Darude;Rush;1999;137968;62451;Techno;19;22;2;8
Sandstorm;Darude;Before the Storm, Special Edition;1999;136065;3,75822E+16;Techno;70;22;2;8
Touch Me Feel Me;Darude;Before the Storm;2005;104909;62451;Deep House;28;22;5;14
Hey Mama (feat. Nicki Minaj, Bebe Rexha & Afrojack);David Guetta;Listen (Deluxe);2015;85979;3,20933E+16;Downtempo;62;23;7;24
Just One Last Time (feat. Taped Rai);David Guetta;Nothing but the Beat 2.0;2012;128063;37851;Tech House;35;23;1;21
Memories (feat. Kid Cudi);David Guetta;One Love (Deluxe);2011;12998;350155;Tech House;67;23;1;20
Play Hard (feat. Ne-Yo & Akon);David Guetta;Nothing but the Beat 2.0;2012;130072;335;Tech House;62;23;1;21
Sexy Bitch (feat. Akon);David Guetta;One Love (Deluxe);2009;130011;3,26422E+16;Tech House;67;23;1;18
She Wolf (Falling to Pieces) [feat. Sia];David Guetta;Nothing but the Beat 2.0;2012;129971;3,70833E+16;Tech House;49;23;1;21
Titanium (feat. Sia);David Guetta;Nothing but the Beat;2011;12606;4084;Future House;56;23;3;20
When Love Takes Over (feat. Kelly Rowland);David Guetta;One Love (Deluxe);2009;129967;3,18333E+16;Tech House;58;23;1;18
Without You (feat. Usher);David Guetta;Nothing but the Beat 2.0;2011;127885;3,46888E+16;Future House;64;23;3;20
Ghosts 'n' Stuff - Extended Mix;deadmau5;5 Years of mau5;2008;127995;5,47888E+16;Future House;58;24;3;17
I Remember - John Summit Remix;deadmau5;I Remember (John Summit Remix);2020;126018;4;Future House;58;24;3;29
Moar Ghosts 'n' Stuff - Extended Mix;deadmau5;For Lack of A Better Name (The Extended Mixes);2010;127995;49531;Future House;38;24;3;19
Not Exactly - Reb?ke Remix;deadmau5;Not Exactly (Reb?ke Remix);2020;130007;3;Tech House;47;24;1;29
Professional Griefers - Vocal Mix;deadmau5;> album title goes here <;2011;128011;4,06243E+16;Tech House;50;24;1;20
Raise Your Weapon;deadmau5;5 Years of mau5;2010;140001;8,38182E+16;Trance;47;24;6;19
Sofi Needs a Ladder;deadmau5;5 Years of mau5;2011;128011;6,69368E+16;Tech House;47;24;1;20
Some Chords;deadmau5;5 Years of mau5;2010;128025;7,38533E+16;Tech House;45;24;1;19
Strobe - Radio Edit;deadmau5;Strobe;2009;128022;3,53443E+16;Tech House;49;24;1;18
The Veldt - Radio Edit;deadmau5;The Veldt;2012;128036;2,83443E+16;Tech House;55;24;1;21
Dechorro;Deorro;Dechorro;2016;127989;5125;Future House;29;25;3;25
Five Hours;Deorro;Five Hours;2014;127907;5,44812E+16;Future House;63;25;3;23
Five More Hours;Deorro;Good Evening;2015;127961;3,53292E+16;Future House;73;25;3;24
Perdoname (feat. DyCy & Adrian Delgado);Deorro;Perdoname (feat. DyCy & Adrian Delgado);2016;127989;4,50088E+16;Future House;66;25;3;25
Yee;Deorro;Yee;2016;127998;281255;Future House;48;25;3;25
Candy (feat. Snappy Jit);Dillon Francis;Candy (feat. Snappy Jit);2014;110041;303635;Deep House;29;26;5;23
Coming Over (feat. James Hersey);Dillon Francis;This Mixtape is Fire.;2016;174031;2,97222E+16;Hardstyle/Hardcore;50;26;4;25
Get Low;Dillon Francis;Money Sucks, Friends Rule;2014;101033;3,54622E+16;Deep House;59;26;5;23
Goodies;Dillon Francis;This Mixtape is Fire TOO;2019;126017;2,03173E+16;Future House;54;26;3;28
I.D.G.A.F.O.S.;Dillon Francis;I.D.G.A.F.O.S.;2018;110018;414545;Deep House;32;26;5;27
Say Less;Dillon Francis;Say Less;2018;135956;341165;Techno;46;26;2;27
Touch;Dillon Francis;You Do You;2015;104027;2,96097E+16;Deep House;51;26;5;24
Ven;Dillon Francis;WUT WUT;2018;11506;3,10007E+16;House;27;26;8;27
Without You;Dillon Francis;Without You;2017;119951;41;House;32;26;8;26
Crowd Control - Radio Edit;Dimitri Vegas & Like Mike;Crowd Control (Radio Edit);2017;139902;2,65713E+16;Techno;47;27;2;26
Higher Place;Dimitri Vegas & Like Mike;Higher Place;2020;124934;2,90017E+16;Future House;51;27;3;29
Instagram;Dimitri Vegas & Like Mike;Instagram;2019;95997;3,07597E+16;Downtempo;58;27;7;28
Mammoth;Dimitri Vegas & Like Mike;Mammoth;2013;127997;553815;Future House;61;27;3;22
Repeat After Me (AIR242);Dimitri Vegas & Like Mike;Armada Invites Radio 242 (Incl. Armada Trice Take-Over);2014;131886;3,10417E+16;Tech House;0;27;1;23
Thank You (Not So Bad);Dimitri Vegas & Like Mike;Thank You (Not So Bad);2018;150019;2,33333E+16;Hardstyle/Hardcore;85;27;4;27
The House Of House;Dimitri Vegas & Like Mike;The House Of House;2013;139957;4,45067E+16;Techno;45;27;2;22
Tremor - Sensation 2014 Anthem;Dimitri Vegas & Like Mike;Gold Skies;2014;127992;4,90777E+16;Future House;54;27;3;23
Waves (Tomorrowland 2014 Anthem);Dimitri Vegas & Like Mike;Waves (Tomorrowland 2014 Anthem);2014;127915;34375;Future House;27;27;3;23
6th Gear (feat. Kstylis);Diplo;Random White Dude Be Everywhere;2015;150019;3,53167E+16;Hardstyle/Hardcore;19;28;4;24
Be Right There;Diplo;Be Right There;2020;124972;395085;Future House;54;28;3;29
Express Yourself - Mochakk Remix;Diplo;Express Yourself (Mochakk Remix);2022;128026;425;Tech House;56;28;1;31
Get It Right;Diplo;Get It Right;2015;159686;2875;Hardstyle/Hardcore;46;28;4;24
Revolution (feat. Faustix & Imanos and Kai);Diplo;Random White Dude Be Everywhere;2013;148024;4,39527E+16;Trance;47;28;6;22
Set Me Free;Diplo;Set Me Free;2018;150;3,26682E+16;Hardstyle/Hardcore;30;28;4;27
Help Me Lose My Mind;Disclosure;Settle - Deluxe;2013;109021;4,07467E+16;Deep House;60;29;5;22
Jaded;Disclosure;Caracal (Deluxe);2016;11701;457915;House;42;29;8;25
Latch;Disclosure;Settle - Deluxe;2012;121985;4,26443E+16;House;72;29;8;21
Magnets;Disclosure;Caracal (Deluxe);2015;92008;332075;Downtempo;62;29;7;24
Omen;Disclosure;Caracal (Deluxe);2015;106011;38375;Deep House;58;29;5;24
When A Fire Starts To Burn;Disclosure;Settle - Deluxe;2013;123948;4,73377E+16;Future House;47;29;3;22
White Noise;Disclosure;Settle - Deluxe;2012;119966;4,62533E+16;House;53;29;8;21
You & Me - Rivo Remix;Disclosure;You & Me (Rivo Remix);2015;122011;34754;House;84;29;8;24
Let Me Love You;DJ Snake;Encore;2016;199892;3,43243E+16;Hardstyle/Hardcore;83;30;4;25
Loco Contigo (feat. J. Balvin & Tyga);DJ Snake;Carte Blanche;2019;95983;3,08657E+16;Downtempo;73;30;7;28
Magenta Riddim;DJ Snake;Carte Blanche;2018;102047;32415;Deep House;60;30;5;27
Middle;DJ Snake;Encore;2016;104879;3,67622E+16;Deep House;75;30;5;25
Paris (feat. GASHI);DJ Snake;Carte Blanche;2019;12804;375;Tech House;38;30;1;28
Taki Taki (with Selena Gomez, Ozuna & Cardi B);DJ Snake;Taki Taki (with Selena Gomez, Ozuna & Cardi B);2018;95881;3,54167E+16;Downtempo;72;30;7;27
Teka (with Peso Pluma);DJ Snake;Teka (with Peso Pluma);2024;126105;273015;Future House;79;30;3;33
Turn Down for What;DJ Snake;Turn Down for What;2013;100014;3,56222E+16;Deep House;70;30;5;22
You Know You Like It;DJ Snake;You Know You Like It;2014;196093;41211;Hardstyle/Hardcore;70;30;4;23
Beyond the Fire;Don Diablo;Beyond the Fire;2019;115968;3,81033E+16;House;60;31;8;28
Children Of A Miracle - Don Diablo VIP Mix;Don Diablo;Children Of A Miracle (Don Diablo VIP Mix);2017;126138;3,22478E+16;Future House;16;31;3;26
Cutting Shapes;Don Diablo;Past.Present.Future.;2015;125826;2,98412E+16;Future House;50;31;3;24
Momentum;Don Diablo;Momentum;2018;126071;2,81673E+16;Future House;38;31;3;27
On My Mind - Radio Edit;Don Diablo;Past.Present.Future.;2018;125986;311475;Future House;49;31;3;27
Save A Little Love;Don Diablo;FUTURE (Deluxe Edition);2018;122013;3,38217E+16;House;38;31;8;27
You Can't Change Me;Don Diablo;You Can't Change Me;2016;123796;311975;Future House;5;31;3;25
I Got U;Duke Dumont;EP1;2014;120837;4,75993E+16;House;60;32;8;23
Let Me Go;Duke Dumont;Duality;2015;128011;610195;Tech House;34;32;1;24
Melt;Duke Dumont;Blasé Boys Club (Pt. 1);2016;127977;4,61822E+16;Future House;52;32;3;25
Need U (100%) (feat. A*M*E) - Radio Edit;Duke Dumont;Need U (100%) (feat. A*M*E) [Remixes];2013;124031;2,90202E+16;Future House;56;32;3;22
Ocean Drive;Duke Dumont;Ocean Drive;2015;115026;3,43867E+16;House;68;32;8;24
Red Light Green Light - For Club Play Only, Pt. 6;Duke Dumont;Red Light Green Light (For Club Play Only, Pt. 6);2014;124005;3,52013E+16;Future House;58;32;3;23
The Giver (Reprise);Duke Dumont;The Giver (Reprise);2014;122742;32626;House;39;32;8;23
Therapy;Duke Dumont;Duality;2016;125986;36746;Future House;45;32;3;25
Won't Look Back;Duke Dumont;Won’t Look Back;2014;124007;450225;Future House;56;32;3;23
Angel (feat. Dante Leon);DVBBS;Angel (feat. Dante Leon);2019;128031;3,49418E+16;Tech House;32;33;1;28
Deja Vu (feat. Delora) - Radio Edit;DVBBS;Deja Vu (feat. Delora);2015;12799;37727;Future House;25;33;3;24
Need U;DVBBS;Nothing To See Here;2016;114994;3,65867E+16;Deep House;35;33;5;25
Raveology;DVBBS;Raveology;2014;12798;4,37523E+16;Future House;29;33;3;23
This Is Dirty;DVBBS;This Is Dirty;2013;128073;4,92968E+16;Tech House;39;33;1;22
Tsunami;DVBBS;Tsunami;2012;128026;39451;Tech House;66;33;1;21
White Clouds;DVBBS;White Clouds;2013;127949;4,82013E+16;Future House;23;33;3;22
Call On Me - Radio Edit;Eric Prydz;Call On Me;2004;126257;2,82377E+16;Future House;60;34;3;13
Every Day;Eric Prydz;Opus;2015;125988;7,24443E+16;Future House;51;34;3;24
Generate;Eric Prydz;Opus;2016;127;71851;Future House;46;34;3;25
Liberate;Eric Prydz;Liberate;2014;127005;5,22313E+16;Future House;46;34;3;23
Niton (The Reason);Eric Prydz;Niton (The Reason);2009;127981;8,08667E+15;Future House;24;34;3;18
Opus;Eric Prydz;Opus;2016;125156;905755;Future House;60;34;3;25
Pjanoo - Radio Edit;Eric Prydz;Pjanoo;2008;125986;2,62377E+16;Future House;47;34;3;17
Proper Education - Radio Edit;Eric Prydz;Proper Education - EP;2007;124938;330945;Future House;53;34;3;16
Build It Up, Tear It Down;Fatboy Slim;You've Come A Long Way Baby;2004;144616;5,09067E+16;Trance;21;35;6;13
Don't Let The Man Get You Down;Fatboy Slim;The Greatest Hits: Why Try Harder;2004;84772;3,30177E+16;Downtempo;30;35;7;13
Gangster Trippin;Fatboy Slim;You've Come A Long Way Baby;1998;101731;5,33422E+16;Deep House;35;35;5;7
Going Out Of My Head;Fatboy Slim;The Greatest Hits: Why Try Harder;1998;132621;3714;Techno;22;35;2;7
Kalifornia;Fatboy Slim;You've Come A Long Way Baby;1999;131642;589;Tech House;24;35;1;8
Praise You;Fatboy Slim;You've Come A Long Way Baby;1999;109716;5,38733E+16;Deep House;56;35;5;8
Right Here, Right Now;Fatboy Slim;You've Come A Long Way Baby;1999;124708;6,46177E+16;Future House;49;35;3;8
The Rockafeller Skank;Fatboy Slim;You've Come A Long Way Baby;1998;152596;6898;Hardstyle/Hardcore;52;35;4;7
Weapon Of Choice;Fatboy Slim;The Greatest Hits: Why Try Harder;2004;195972;366355;Hardstyle/Hardcore;50;35;4;13
"Wonderful Night - Radio Edit;; Explicit";Fatboy Slim;Wonderful Night;2004;159914;2,76867E+16;Hardstyle/Hardcore;35;35;4;13
Drop The Game;Flume;Lockjaw;2013;7893;3,69823E+16;Downtempo;65;36;7;22
Helix;Flume;Skin;2019;144942;3,50412E+16;Trance;31;36;6;28
Holdin On;Flume;Flume;2016;90033;2,57357E+16;Downtempo;55;36;7;25
HyperParadise - Flume Remix;Flume;Flume: Deluxe Edition;2013;145001;4,44212E+16;Trance;48;36;6;22
Never Be Like You (feat. Kai);Flume;Skin;2016;119834;391515;House;66;36;8;25
On Top (feat. T-Shirt);Flume;Flume;2016;92533;3,85177E+16;Downtempo;50;36;7;25
Rushing Back (feat. Vera Blue);Flume;Rushing Back (feat. Vera Blue);2019;136047;386105;Techno;60;36;2;28
Say It - Illenium Remix;Flume;Skin: The Remixes;2019;149681;4,45333E+16;Trance;57;36;6;28
Sleepless feat. Jezzabell Doran;Flume;Flume;2016;175132;34896;Hardstyle/Hardcore;54;36;4;25
The Difference;Flume;The Difference;2020;159963;23277;Hardstyle/Hardcore;69;36;4;29
Bass Cannon;Flux Pavilion;Bass Cannon;2011;139974;51591;Techno;45;37;2;20
Better Off;Flux Pavilion;Better Off;2017;14309;293575;Trance;48;37;6;26
Daydreamer (feat. Example) - Radio Edit;Flux Pavilion;Daydreamer (feat. Example);2017;141349;354955;Trance;33;37;6;26
Do or Die (feat. Childish Gambino);Flux Pavilion;Blow the Roof;2015;145146;4,08483E+16;Trance;43;37;6;24
Got 2 Know;Flux Pavilion;Got 2 Know / Normalize;2013;139933;5,83497E+16;Techno;36;37;2;22
I Can't Stop;Flux Pavilion;I Can't Stop;2010;139972;5,09642E+16;Techno;53;37;2;19
OneTwoThree - Make Your Body Wanna;Flux Pavilion;Blow the Roof;2015;140081;41458;Trance;21;37;6;24
Starlight;Flux Pavilion;Blow the Roof;2012;140006;4,18252E+16;Trance;27;37;6;21
Survive;Flux Pavilion;.Wav;2019;150031;33604;Hardstyle/Hardcore;29;37;4;28
BANG BANG! (My Neurodivergent Anthem);Galantis;Pop Sanctuary;2022;124025;2,78483E+16;Future House;0;38;3;31
Emoji;Galantis;Emoji;2019;121935;2,53048E+16;House;33;38;8;28
Firebird;Galantis;Pharmacy;2016;128018;4138;Tech House;44;38;1;25
Gold Dust;Galantis;Pharmacy;2015;127997;3,90423E+16;Future House;44;38;3;24
Hunter - Galantis & Misha K VIP Remix;Galantis;Hunter (Remixes);2016;104992;2,91603E+16;Deep House;33;38;5;25
In My Head;Galantis;Pharmacy;2019;127829;3,68442E+16;Future House;44;38;3;28
Love on Me;Galantis;The Aviary;2016;12418;34171;Future House;52;38;3;25
No Money;Galantis;No Money;2016;12601;31521;Future House;65;38;3;25
Peanut Butter Jelly;Galantis;Pharmacy;2015;12796;338555;Future House;64;38;3;24
Runaway (U & I);Galantis;Pharmacy;2014;126008;378455;Future House;76;38;3;23
All That You Need (feat. Caroline Byrne);Gorgon City;Breathe You In (feat. NORTH);2015;128005;29591;Tech House;28;39;1;24
Are You Feeling It Too?;Gorgon City;Reverie;2016;127993;450555;Future House;52;39;3;25
Dreaming;Gorgon City;Reverie;2015;126036;3678;Future House;56;39;3;24
Never Let Me Down;Gorgon City;Olympia;2018;123965;308555;Future House;38;39;3;27
Voodoo;Gorgon City;Salvation;2014;129019;3,56867E+16;Tech House;63;39;1;23
Waiting For The Right Time;Gorgon City;Olympia;2020;123974;4,98822E+16;Future House;27;39;3;29
You've Done Enough;Gorgon City;You’ve Done Enough;2016;125052;35591;Future House;49;39;3;25
A Fine Way to Die;GRiZ;Say It Loud;2020;102985;6,68303E+16;Deep House;37;40;5;29
Good Times Roll;GRiZ;Good Will Prevail;2016;100012;4,08047E+16;Deep House;44;40;5;25
SAXORiDDiM;GRiZ;SAXORiDDiM;2019;140066;314285;Trance;47;40;6;28
The Anthem;GRiZ;Say It Loud;2016;102983;48246;Deep House;29;40;5;25
All You Need To Know (feat. Calle Lehmann) - SampliFire & Ivory Remix;Gryffin;All You Need To Know (feat. Calle Lehmann) [The Remixes];2019;15017;367315;Hardstyle/Hardcore;16;41;4;28
Bye Bye (feat. Ivy Adara);Gryffin;Gravity;2020;148017;350585;Trance;49;41;6;29
Colors (with Eyelar);Gryffin;Alive;2018;174037;3,86387E+16;Hardstyle/Hardcore;41;41;4;27
Feel Good (with Daya);Gryffin;Feel Good (with Daya);2018;138064;4,13593E+15;Techno;63;41;2;27
Heading Home;Gryffin;Heading Home;2014;118076;45191;House;47;41;8;23
Love In Ruins (feat. Sinead Harnett);Gryffin;Love In Ruins (feat. Sinead Harnett);2019;122035;43093;House;40;41;8;28
Need Your Love (with Noah Kahan);Gryffin;Gravity;2022;104099;3,42977E+16;Deep House;57;41;5;31
Remember (with ZOHARA);Gryffin;Gravity;2018;123002;3,68548E+16;Future House;49;41;3;27
Tie Me Down (with Elley Duhé);Gryffin;Tie Me Down (with Elley Duhé);2019;98932;363825;Downtempo;58;41;7;28
Winnebago (feat. Quinn XCII & Daniel Wilson);Gryffin;Winnebago (feat. Quinn XCII & Daniel Wilson);2018;147959;2,99893E+16;Trance;47;41;6;27
Apollo;Hardwell;I Am Hardwell (Original Soundtrack);2012;128076;3,49608E+16;Tech House;53;42;1;21
Countdown - Original Mix;Hardwell;Countdown;2011;128015;4,64062E+16;Tech House;34;42;1;20
Dare You (feat. Matthew Koma) - Radio Edit;Hardwell;Dare You (Radio Edit) (feat. Matthew Koma);2014;127894;3,64067E+16;Future House;31;42;3;23
Echo (feat. Jonathan Mendelsohn);Hardwell;United We Are;2015;129975;513845;Tech House;31;42;1;24
Everybody Is In The Place;Hardwell;Everybody Is In The Place;2016;13005;28616;Tech House;25;42;1;25
Mad World;Hardwell;Mad World;2013;128065;3,51172E+16;Tech House;43;42;1;22
Run Wild;Hardwell;10's Best Dance Top 50 (Volume 1);2014;130095;40923;Tech House;39;42;1;23
Spaceman;Hardwell;Spaceman;2012;127983;30608;Future House;42;42;3;21
XTC;Hardwell;XTC;2019;140065;294285;Trance;56;42;6;28
Colors (feat. Tatu);Headhunterz;Colors (feat. Tatu);2013;149991;3,37333E+16;Trance;45;43;6;22
Dragonborn part 3 (Oceans Apart);Headhunterz;Dragonborn part 3 (Oceans Apart) [feat. Sian Evans];2013;149673;3,50272E+16;Trance;44;43;6;22
From Within - Original Mix;Headhunterz;From Within / The Message Is Hardstyle;2012;74994;6,03117E+16;Downtempo;23;43;7;21
Psychedelic;Headhunterz;Studio Sessions;2014;150001;4,45338E+15;Hardstyle/Hardcore;37;43;4;23
The Power of the Mind (Qlimax Anthem 2007);Headhunterz;The Power of the Mind (Qlimax Anthem 2007);2007;149963;5,48017E+16;Trance;35;43;6;16
The Sacrifice;Headhunterz;The Best of Headhunterz;2013;141963;5,71033E+16;Trance;30;43;6;22
Tonight - Alpha2 RMX;Headhunterz;Tonight (Alpha2 RMX);2012;150047;5,97333E+16;Hardstyle/Hardcore;36;43;4;21
We Control The Sound;Headhunterz;We Control The Sound;2011;130103;5,48903E+16;Tech House;25;43;1;20
Crawl Outta Love;ILLENIUM;Awake;2017;84139;4,03352E+16;Downtempo;59;44;7;26
Fractures;ILLENIUM;Awake;2016;159862;40875;Hardstyle/Hardcore;59;44;4;25
Good Things Fall Apart (with Jon Bellion);ILLENIUM;ASCEND;2019;14401;3,61113E+16;Trance;61;44;6;28
Hearts on Fire;ILLENIUM;Hearts on Fire;2017;179955;3,93862E+16;Hardstyle/Hardcore;47;44;4;26
Other Side;ILLENIUM;ILLENIUM;2017;81929;3,52653E+16;Downtempo;53;44;7;26
Psycho;Infected Mushroom;Retrodelic Vibes 9;2014;145027;88348;Trance;28;45;6;23
The Gathering;Infected Mushroom;The Gathering;2014;14201;7,72667E+16;Trance;16;45;6;23
The Messenger 2012;Infected Mushroom;Army of Mushrooms;2012;17003;1,06333E+16;Hardstyle/Hardcore;16;45;4;21
Where Do I Belong;Infected Mushroom;Friends on Mushrooms (Deluxe Edition);2012;167999;3,44177E+16;Hardstyle/Hardcore;40;45;4;21
Don't Do Drugs Just Take Some Jack Ü;Jack Ü;Skrillex and Diplo present Jack Ü;2015;113129;2,08333E+16;Deep House;33;46;5;24
Febreze (feat. 2 Chainz);Jack Ü;Skrillex and Diplo present Jack Ü;2015;149829;3,57333E+16;Trance;46;46;6;24
Holla Out (feat. Snails & Taranchyla);Jack Ü;Skrillex and Diplo present Jack Ü;2015;149983;4,26667E+16;Trance;40;46;6;24
Jungle Bae (feat. Bunji Garlin & MX Prime);Jack Ü;Skrillex and Diplo present Jack Ü;2015;127975;346875;Future House;46;46;3;24
Mind (feat. Kai);Jack Ü;Skrillex and Diplo present Jack Ü;2015;174153;4,03447E+16;Hardstyle/Hardcore;60;46;4;24
Take Ü There (feat. Kiesza);Jack Ü;Skrillex and Diplo present Jack Ü;2014;159888;35;Hardstyle/Hardcore;54;46;4;23
Where Are Ü Now (with Justin Bieber);Jack Ü;Skrillex and Diplo present Jack Ü;2015;139432;4,17142E+16;Techno;74;46;2;24
Higher for Your Love;Jauz;Higher for Your Love;2018;174083;2,85057E+16;Hardstyle/Hardcore;46;47;4;27
Lights Go Out;Jauz;Rise of The Wise;2017;125994;31111;Future House;47;47;3;26
Audio, Video, Disco.;Justice;Audio, Video, Disco.;2011;152028;4,87267E+16;Hardstyle/Hardcore;42;48;4;20
Civilization;Justice;Civilization;2011;111984;4,18042E+16;Deep House;41;48;5;20
D.A.N.C.E;Justice;Justice;2007;113015;4,03777E+16;Deep House;66;48;5;16
Genesis;Justice;Justice;2007;117055;3916;House;60;48;8;16
New Lands (Live / AAA);Justice;Access All Arenas;2012;126906;4,52382E+16;Future House;22;48;3;21
Phantom Pt. II;Justice;Justice;2008;116966;33471;House;52;48;8;17
Randy;Justice;Woman;2003;100453;663655;Deep House;39;48;5;12
Stress;Justice;Justice;2008;12694;4,97643E+16;Future House;49;48;3;17
Waters of Nazareth;Justice;Justice;2007;123929;441955;Future House;45;48;3;16
A Little More (feat. Sansa);Kaskade;Automatic;2020;127978;389;Future House;37;49;3;29
Angel On My Shoulder;Kaskade;Strobelite Seduction;2017;125977;3,79088E+16;Future House;40;49;3;26
Atmosphere;Kaskade;Atmosphere;2012;122975;3,85712E+16;House;43;49;8;21
Disarm You (feat. Ilsey);Kaskade;Automatic;2015;127799;368555;Future House;48;49;3;24
Dynasty (feat. Haley) (feat. Haley);Kaskade;Dynasty;2015;128021;3,27377E+16;Tech House;24;49;1;24
Move For Me;Kaskade;Strobelite Seduction;2008;128035;3,95643E+16;Tech House;49;49;1;17
Sorry - Dirty South Radio Edit;Kaskade;Sorry;2011;127032;35211;Future House;29;49;3;20
Step One Two;Kaskade;Strobelite Seduction;2011;127976;3338;Future House;33;49;3;20
Bonfire;Knife Party;Rage Valley;2012;174031;4,53462E+16;Hardstyle/Hardcore;59;50;4;21
Centipede;Knife Party;Rage Valley;2012;140077;4,11283E+16;Trance;50;50;6;21
Destroy Them with Lasers;Knife Party;Gamerz: Electronic;2014;127991;4,93357E+16;Future House;6;50;3;23
EDM Death Machine;Knife Party;Haunted House;2015;12803;4,38478E+15;Tech House;37;50;1;24
Fire Hive;Knife Party;100% No Modern Talking;2014;140054;463935;Trance;41;50;6;23
Internet Friends;Knife Party;100% No Modern Talking;2011;128079;50187;Tech House;56;50;1;20
LRAD;Knife Party;Haunted House;2014;127999;5,25233E+16;Future House;48;50;3;23
Power Glove;Knife Party;Haunted House;2014;127977;4,35407E+16;Future House;45;50;3;23
Alive;Krewella;Play Hard EP;2013;128002;4846;Tech House;52;51;1;22
Enjoy the Ride;Krewella;Get Wet;2015;127993;3,52822E+16;Future House;46;51;3;24
Ghost;Krewella;zer0;2014;95041;3,11608E+16;Downtempo;35;51;7;23
Human;Krewella;Get Wet;2019;140077;3,25888E+16;Trance;40;51;6;28
Live for the Night;Krewella;Get Wet;2013;127932;3,44133E+16;Future House;47;51;3;22
Love Outta Me;Krewella;New World Pt. 1;2018;160022;3,47573E+16;Hardstyle/Hardcore;26;51;4;27
Somewhere to Run;Krewella;Somewhere to Run;2019;111899;3,70133E+16;Deep House;34;51;5;28
Bazaar - Official Sunburn Goa 2015 Anthem;KSHMR;Bazaar (Official Sunburn Goa 2015 Anthem);2015;12801;2875;Tech House;45;52;1;24
House Of Cards (feat. Sidnie Tipton);KSHMR;House Of Cards (feat. Sidnie Tipton);2015;109999;3,14418E+16;Deep House;30;52;5;24
JAMMU;KSHMR;JAMMU;2016;128013;3,92938E+16;Tech House;30;52;1;25
Memories (feat. Sirah) - Radio Edit;KSHMR;Memories (feat. Sirah) [Radio Edit];2015;128066;3,09398E+16;Tech House;45;52;1;24
Satisfaction;KSHMR;Satisfaction;2015;129996;3,55383E+16;Tech House;51;52;1;24
Touch (feat. Madi);KSHMR;The Lion Across The Field;2016;97019;3,30992E+16;Downtempo;31;52;7;25
Wildcard (feat. Sidnie Tipton);KSHMR;Wildcard (feat. Sidnie Tipton);2017;127931;315625;Future House;49;52;3;26
Born To Be Yours;Kygo;Born To Be Yours;2018;114011;3222;Deep House;60;53;5;27
Firestone;Kygo;Cloud Nine;2015;113927;4,52733E+15;Deep House;78;53;5;24
First Time;Kygo;First Time;2016;90066;3,22518E+16;Downtempo;63;53;7;25
Happy Now;Kygo;Happy Now;2018;117999;35227;House;65;53;8;27
Higher Love;Kygo;Higher Love;2019;103952;380445;Deep House;72;53;5;28
How Would I Know;Kygo;Golden Hour;2020;1237;3,01167E+16;Future House;43;53;3;29
It Ain’t Me (with Selena Gomez);Kygo;It Ain't Me;2017;99968;3,67967E+16;Downtempo;66;53;7;26
Remind Me to Forget;Kygo;Remind Me to Forget;2018;99063;3,62143E+16;Downtempo;60;53;7;27
Stay (feat. Maty Noyes);Kygo;Cloud Nine;2016;103027;3,99108E+16;Deep House;61;53;5;25
Stole the Show;Kygo;Cloud Nine;2015;100034;3,71977E+16;Deep House;78;53;5;24
All Or Nothing (feat. Axel Ehnström);Lost Frequencies;Less Is More;2016;125971;2,62488E+16;Future House;33;54;3;25
Are You With Me - Radio Edit;Lost Frequencies;Less Is More;2014;12102;2,30022E+16;House;69;54;8;23
Beautiful Life (feat. Sandro Cavazza);Lost Frequencies;Less Is More;2016;120;2,69843E+16;House;48;54;8;25
Crazy;Lost Frequencies;Crazy;2016;114975;2,55652E+16;Deep House;69;54;5;25
Here with You;Lost Frequencies;Less Is More (Deluxe);2021;86707;2,65908E+16;Downtempo;34;54;7;30
Like I Love You;Lost Frequencies;Alive And Feeling Fine;2019;117911;316955;House;49;54;8;28
Melody;Lost Frequencies;Alive And Feeling Fine;2019;120041;2,48347E+16;House;53;54;8;28
Reality (feat. Janieck Devy) - Radio Edit;Lost Frequencies;Less Is More;2015;122145;2658;House;66;54;8;24
Rise;Lost Frequencies;Rise;2016;122076;3,21697E+16;House;61;54;8;25
Where Are You Now;Lost Frequencies;All Stand Together;2020;121031;2,48443E+16;House;83;54;8;29
Better Not (with Wafia);Louis The Child;Kids At Play- EP;2018;113988;3,71442E+16;Deep House;60;55;5;27
Fire;Louis The Child;Fire;2018;89807;342695;Downtempo;48;55;7;27
It's Strange (feat. K.Flay);Louis The Child;It's Strange (feat. K.Flay);2016;85951;4,09302E+16;Downtempo;53;55;7;25
Little Things (with Quinn XCII & Chelsea Cutler);Louis The Child;Here For Now;2018;81969;3,29088E+16;Downtempo;50;55;7;27
Love Is Alive;Louis The Child;Love Is Alive;2017;97863;28435;Downtempo;48;55;7;26
Shake Something (feat. Joey Purp);Louis The Child;Shake Something (feat. Joey Purp);2020;87999;32252;Downtempo;45;55;7;29
Slow Down Love (feat. Chelsea Cutler);Louis The Child;Love Is Alive;2019;127751;2,63152E+16;Future House;52;55;3;28
Weekend;Louis The Child;Weekend;2019;84991;2,91763E+16;Downtempo;50;55;7;28
Finale (feat. Nicholas Petricca);Madeon;Adventure (Deluxe);2015;92078;3,41422E+16;Downtempo;44;56;7;24
Icarus;Madeon;Adventure (Deluxe);2015;126104;357755;Future House;41;56;3;24
Imperium;Madeon;Adventure (Deluxe);2015;110017;3,31422E+16;Deep House;36;56;5;24
No Fear No More (Remix);Madeon;No Fear No More (Remix);2016;95919;2,91137E+16;Downtempo;45;56;7;25
Pay No Mind (feat. Passion Pit);Madeon;Adventure (Deluxe);2015;112183;4,15733E+16;Deep House;45;56;5;24
Technicolor;Madeon;Adventure (Deluxe);2015;127027;642355;Future House;37;56;3;24
The City;Madeon;Adventure (Deluxe);2015;125011;3,89977E+16;Future House;44;56;3;24
You're On (feat. Kyan);Madeon;Adventure (Deluxe);2012;1001;3212;Deep House;48;56;5;21
Be Together;Major Lazer;Peace Is The Mission;2015;79961;38835;Downtempo;49;57;7;24
Blow That Smoke;Major Lazer;Blow That Smoke (Remixes);2018;101982;3,71667E+16;Deep House;37;57;5;27
Cold Water;Major Lazer;Cold Water;2016;92946;3,08933E+16;Downtempo;66;57;7;25
Hold The Line;Major Lazer;Guns Don't Kill People... Lazers Do;2017;155924;3,65933E+16;Hardstyle/Hardcore;31;57;4;26
Know No Better;Major Lazer;Major Lazer Essentials;2017;119041;376415;House;59;57;8;26
Lean On;Major Lazer;Peace Is The Mission;2015;98007;2,94268E+16;Downtempo;75;57;7;24
Light It Up (Remix);Major Lazer;Peace Is The Mission (Extended);2016;107989;2,76897E+16;Deep House;67;57;5;25
Pon De Floor;Major Lazer;Guns Don't Kill People... Lazers Do;2009;126985;3,56533E+16;Future House;40;57;3;18
Run Up;Major Lazer;Major Lazer Essentials;2016;108004;3,38633E+16;Deep House;51;57;5;25
Watch Out For This (Bumaye);Major Lazer;Free The Universe (Extended Version);2013;108029;4,48577E+16;Deep House;54;57;5;22
Alone;Marshmello;Alone;2019;14199;4,56337E+15;Trance;69;58;6;28
FRIENDS;Marshmello;FRIENDS;2018;95079;3377;Downtempo;75;58;7;27
Happier;Marshmello;Happier;2018;100011;3,57148E+16;Deep House;83;58;5;27
Here With Me;Marshmello;Here With Me;2019;99961;2,60577E+16;Downtempo;73;58;7;28
Leave Before You Love Me (with Jonas Brothers);Marshmello;Leave Before You Love Me;2021;119976;258305;House;79;58;8;30
One Thing Right;Marshmello;One Thing Right;2019;88042;3,03038E+16;Downtempo;69;58;7;28
Rescue Me;Marshmello;Joytime III;2019;148149;3,95338E+16;Trance;58;58;6;28
Spotlight;Marshmello;Spotlight;2018;15006;296;Hardstyle/Hardcore;70;58;4;27
Animals;Martin Garrix;Gold Skies;2013;128006;5,06288E+16;Tech House;57;59;1;22
Don't Look Down (feat. Usher);Martin Garrix;Don't Look Down (feat. Usher);2016;127991;3,71898E+16;Future House;62;59;3;25
Forbidden Voices;Martin Garrix;Forbidden Voices;2012;128102;38439;Tech House;57;59;1;21
High On Life (feat. Bonn);Martin Garrix;High On Life (feat. Bonn);2017;128038;3,84602E+16;Tech House;68;59;1;26
In the Name of Love;Martin Garrix;In the Name of Love;2016;13399;3,26177E+16;Techno;78;59;2;25
No Sleep (feat. Bonn);Martin Garrix;No Sleep (feat. Bonn);2016;128133;3,45157E+16;Tech House;58;59;1;25
Ocean (feat. Khalid);Martin Garrix;Ocean (feat. Khalid);2018;139912;3,60698E+16;Techno;66;59;2;27
Scared to Be Lonely;Martin Garrix;Scared to Be Lonely;2017;137972;3,68138E+16;Techno;79;59;2;26
So Far Away (feat. Jamie Scott & Romy Dya);Martin Garrix;So Far Away (feat. Jamie Scott & Romy Dya);2017;149119;30606;Trance;63;59;6;26
There for You;Martin Garrix;There for You;2017;105969;36984;Deep House;64;59;5;26
Hello;Martin Solveig;Smash (Deluxe);2010;127979;4,69048E+16;Future House;48;60;3;19
Hello (feat. Dragonette);Martin Solveig;Hello;2010;128011;3,18978E+16;Tech House;60;60;1;19
Intoxicated - DJ Fresh Remix;Martin Solveig;Intoxicated (Remixes);2015;173999;4,64367E+16;Hardstyle/Hardcore;8;60;4;24
Jealousy (Radio Edit);Martin Solveig;Jealousy;2015;125032;33398;Future House;34;60;3;24
The Night Out - Single Version;Martin Solveig;The Night Out EP;2011;127962;4,25017E+16;Future House;37;60;3;20
Dracula Flow;Mushroom Cloud;Dracula Flow;2011;72268;3,75172E+16;Downtempo;50;61;7;20
Crush On You;NERO;Welcome Reality +;2011;140031;4,17177E+16;Trance;35;62;6;20
Guilt;NERO;Welcome Reality +;2015;139455;4,73533E+16;Techno;36;62;2;24
Innocence;NERO;Welcome Reality +;2015;13575;513555;Techno;39;62;2;24
Me And You;NERO;Welcome Reality +;2013;144047;4,12467E+16;Trance;38;62;6;22
Must Be The Feeling;NERO;Welcome Reality +;2011;12808;40471;Tech House;34;62;1;20
Promises;NERO;Welcome Reality +;2011;143948;4,28933E+16;Trance;50;62;6;20
Satisfy;NERO;Between II Worlds;2012;123937;40645;Future House;39;62;3;21
Solar;NERO;Solar;2017;155963;3391;Hardstyle/Hardcore;49;62;4;26
Two Minds;NERO;Between II Worlds;2019;124039;3,58063E+16;Future House;34;62;3;28
End Of The Night;NGHTMRE;End Of The Night;2018;128038;31875;Tech House;25;63;1;27
Fall Into Me;NGHTMRE;DRMVRSE;2018;139943;3,85733E+16;Techno;49;63;2;27
FEELING GUD;NGHTMRE;FEELING GUD;2019;173741;3,17803E+16;Hardstyle/Hardcore;55;63;4;28
All You Need Is Love;Nicky Romero;All You Need Is Love;2014;125994;2,33212E+16;Future House;55;64;3;23
Easy;Nicky Romero;Easy;2019;123984;2,49193E+16;Future House;35;64;3;28
Generation 303;Nicky Romero;Generation 303;2013;12801;5,50783E+16;Tech House;17;64;1;22
Legacy - Radio Edit;Nicky Romero;Legacy;2014;127961;3,26177E+16;Future House;41;64;3;23
Like Home - Radio Edit;Nicky Romero;Like Home;2013;127908;3,33593E+16;Future House;39;64;3;22
Love You for the Summer;Nicky Romero;Love You for the Summer;2018;132003;2,87878E+16;Techno;55;64;2;27
Symphonica - Bare Remix;Nicky Romero;Symphonica;2018;140028;4,25158E+16;Trance;20;64;6;27
Toulouse - Bobby Anthony Vocal Mix;Nicky Romero;Toulouse (Bobby Anthony Vocal Mix);2011;127881;2,96873E+16;Future House;50;64;3;20
Warriors - Original Mix;Nicky Romero;Warriors;2011;127017;5,60628E+16;Future House;24;64;3;20
A Moment Apart;ODESZA;A Moment Apart;2017;119988;3,90407E+16;House;65;65;8;26
Across The Room;ODESZA;A Moment Apart;2018;82037;4,72562E+16;Downtempo;60;65;7;27
All We Need - ODESZA VIP Remix;ODESZA;The Last Goodbye (Deluxe Edition);2017;99958;3,50022E+16;Downtempo;44;65;7;26
Falls;ODESZA;A Moment Apart;2018;160928;3,88227E+16;Hardstyle/Hardcore;53;65;4;27
Higher Ground;ODESZA;A Moment Apart;2018;104993;35855;Deep House;59;65;5;27
Kusanagi;ODESZA;In Return;2016;75186;3,46667E+16;Downtempo;52;65;7;25
Late Night;ODESZA;A Moment Apart;2016;125148;3,80983E+16;Future House;57;65;3;25
Line Of Sight;ODESZA;A Moment Apart;2017;18023;3,94117E+16;Hardstyle/Hardcore;59;65;4;26
Say My Name;ODESZA;In Return;2018;115039;43826;House;64;65;8;27
Sun Models;ODESZA;In Return;2014;120005;2,66667E+16;House;64;65;8;23
Gecko (Overdrive) - Radio Edit;Oliver Heldens;Gecko (Overdrive) [Radio Edit];2014;124959;2,75733E+16;Future House;68;66;3;23
I Don't Wanna Go Home;Oliver Heldens;I Don't Wanna Go Home;2015;125003;3,39067E+16;Future House;36;66;3;24
I Was Made For Lovin' You (feat. Nile Rodgers & House Gospel Choir);Oliver Heldens;I Was Made For Lovin' You (feat. Nile Rodgers & House Gospel Choir);2019;12603;2,62008E+16;Future House;69;66;3;28
Koala;Oliver Heldens;Last All Night (Koala) [feat. KStewart] [Remixes];2015;128016;441265;Tech House;42;66;1;24
Mas Que Nada;Oliver Heldens;Mas Que Nada;2015;123974;2,11693E+16;Future House;69;66;3;24
Rave Machine;Oliver Heldens;Rave Machine;2014;125993;3,43667E+16;Future House;30;66;3;23
This Groove;Oliver Heldens;This Groove;2015;124025;3,13623E+16;Future House;55;66;3;24
Madagascar - Radio Edit;Paul Oakenfold;Trance Mission;2007;138007;349275;Techno;11;67;2;16
Not Over Yet - Radio Edit;Paul Oakenfold;Trance Mission;2009;132015;4,48483E+16;Techno;15;67;2;18
Ready Steady Go - Extended Mix;Paul Oakenfold;Bunkka;2004;128012;4,23222E+15;Tech House;45;67;1;13
Sex 'N' Money;Paul Oakenfold;A Lively Mind;2006;129004;5,94933E+16;Tech House;19;67;1;15
Southern Sun - DJ Tiësto Remix;Paul Oakenfold;Southern Sun / Ready Steady Go;2002;137029;9,74308E+16;Techno;42;67;2;11
Starry Eyed Surprise;Paul Oakenfold;Bunkka;2002;103211;3,80822E+16;Deep House;53;67;5;11
Bassline Kickin;Pegboard Nerds;Bassline Kickin;2013;128064;3,95312E+16;Tech House;20;68;1;22
Emergency;Pegboard Nerds;Emergency;2015;127992;421875;Future House;40;68;3;24
Hero;Pegboard Nerds;Hero;2015;150151;5,50667E+16;Hardstyle/Hardcore;45;68;4;24
Party Freaks;Pegboard Nerds;Party Freaks;2015;127975;3,56418E+16;Future House;32;68;3;24
Pink Cloud;Pegboard Nerds;Pink Cloud;2018;82444;358395;Downtempo;35;68;7;27
Rocktronik;Pegboard Nerds;Rocktronik;2015;129975;513845;Tech House;19;68;1;24
Self Destruct;Pegboard Nerds;Self Destruct;2019;140044;354285;Trance;38;68;6;28
Swamp Thing;Pegboard Nerds;Swamp Thing;2018;134938;4,38518E+15;Techno;46;68;2;27
Divinity;Porter Robinson;Worlds;2015;90036;613955;Downtempo;52;69;7;24
Easier to Love You;Porter Robinson;SMILE! :D;2018;140055;417945;Trance;59;69;6;27
Flicker;Porter Robinson;Worlds;2017;92018;465;Downtempo;47;69;7;26
Get Your Wish;Porter Robinson;Nurture;2021;95008;3,64182E+16;Downtempo;54;69;7;30
Language;Porter Robinson;Language;2012;127988;614125;Future House;52;69;3;21
Lionhearted;Porter Robinson;Worlds;2015;119993;44351;House;48;69;8;24
Mirror;Porter Robinson;Nurture;2018;111922;5,11482E+15;Deep House;47;69;5;27
Sad Machine;Porter Robinson;Worlds;2014;88519;5,84483E+16;Downtempo;56;69;7;23
Shelter;Porter Robinson;Shelter;2016;99859;36494;Downtempo;62;69;7;25
All Around The World (La La La);R3HAB;All Around The World (La La La);2017;124948;2464;Future House;63;70;3;26
Am I The Only One;R3HAB;Am I The Only One;2018;139907;25357;Techno;30;70;2;27
Icarus - R3hab & Skytech Remix;R3HAB;Icarus (Remixes);2016;145079;22724;Trance;14;70;6;25
Karate;R3HAB;Karate;2016;12801;35;Tech House;48;70;1;25
Lullaby;R3HAB;The Wave;2017;127965;2,66972E+16;Future House;46;70;3;26
More Than OK;R3HAB;More Than OK;2018;105989;2,60377E+16;Deep House;23;70;5;27
One More Dance (with Alida);R3HAB;One More Dance (with Alida);2019;123923;2422;Future House;48;70;3;28
Rock My Body;R3HAB;Rock My Body (with INNA & Sash!);2018;124077;2,29032E+16;Future House;78;70;3;27
Trouble;R3HAB;Trouble;2017;94237;2,88672E+16;Downtempo;30;70;7;26
Core;RL Grime;VOID;2017;149966;3,94667E+16;Trance;46;71;6;26
Era (Eptic Remix);RL Grime;NOVA (The Remixes, Vol. 1);2014;149841;4,74667E+15;Trance;32;71;6;23
Feel Free;RL Grime;NOVA;2019;156038;4,20512E+16;Hardstyle/Hardcore;35;71;4;28
Heard Me;RL Grime;High Beams;2019;153983;3,18108E+16;Hardstyle/Hardcore;24;71;4;28
I Wanna Know;RL Grime;NOVA;2019;82759;344545;Downtempo;57;71;7;28
One Day;RL Grime;Sable Valley Summer, Vol. 2;2016;146012;39452;Trance;20;71;6;25
All I Got;Said The Sky;Wide-Eyed;2018;144731;5,26207E+16;Trance;48;72;6;27
For You (feat. Melissa Hayes);Said The Sky;For You (feat. Melissa Hayes);2019;140043;3,96668E+16;Trance;29;72;6;28
Run Away (feat. Car);Said The Sky;Run Away (feat. Car);2019;173862;467895;Hardstyle/Hardcore;25;72;4;28
Show & Tell;Said The Sky;Wide-Eyed;2019;150111;3,09333E+16;Hardstyle/Hardcore;49;72;4;28
Walk Me Home;Said The Sky;Sentiment;2019;159909;3,60208E+16;Hardstyle/Hardcore;52;72;4;28
Calling (Lose My Mind) - Radio Edit;Sebastian Ingrosso;EDM Hits;2012;125096;3424;Future House;56;73;3;21
Kidsos;Sebastian Ingrosso;Kidsos;2014;125015;66613;Future House;29;73;3;23
Reload - Radio Edit;Sebastian Ingrosso;Reload (Vocal Version / Radio Edit);2013;128045;3,68787E+16;Tech House;65;73;1;22
Skip;Sebastian Ingrosso;Skip;2018;132;2,52533E+16;Techno;50;73;2;27
Cold Skin - MitiS Remix;Seven Lions;Cold Skin (The Remixes);2019;145944;39452;Trance;45;74;6;28
Creation;Seven Lions;Creation;2018;130009;5,18787E+16;Tech House;30;74;1;27
Days to Come (feat. Fiora);Seven Lions;Days To Come EP;2012;139995;47377;Techno;38;74;2;21
Falling Away - Festival Mix (Radio Edit);Seven Lions;Creation;2017;127997;3,75023E+16;Future House;40;74;3;26
Island (feat. Nevve);Seven Lions;Island (feat. Nevve);2018;150128;464;Hardstyle/Hardcore;50;74;4;27
Ones I Used To Love;Seven Lions;Ones I Used To Love;2018;172046;3,48837E+16;Hardstyle/Hardcore;58;74;4;27
Rush Over Me (feat. HALIENE);Seven Lions;10 Years of Seven Lions;2018;135027;4,32592E+16;Techno;53;74;2;27
Bangarang (feat. Sirah);Skrillex;Bangarang EP;2011;110026;358755;Deep House;69;75;5;20
First of the Year (Equinox);Skrillex;More Monsters and Sprites EP;2011;115785;4,35862E+16;House;63;75;8;20
Kill EVERYBODY;Skrillex;Scary Monsters and Nice Sprites EP;2010;126988;4,96643E+16;Future House;49;75;3;19
Kyoto (feat. Sirah);Skrillex;Bangarang EP;2018;174974;3,34643E+16;Hardstyle/Hardcore;57;75;4;27
Make It Bun Dem;Skrillex;Make It Bun Dem After Hours EP;2011;104973;35616;Deep House;61;75;5;20
Rock 'n' Roll (Will Take You to the Mountain);Skrillex;Scary Monsters and Nice Sprites EP;2014;128064;47355;Tech House;51;75;1;23
Ruffneck - Full Flex;Skrillex;More Monsters and Sprites EP;2011;140145;3,77142E+16;Trance;48;75;6;20
Scary Monsters and Nice Sprites;Skrillex;Scary Monsters and Nice Sprites EP;2010;139997;4,05588E+16;Techno;58;75;2;19
Summit (feat. Ellie Goulding);Skrillex;Bangarang EP;2011;139989;62331;Techno;56;75;2;20
With You, Friends (Long Drive);Skrillex;Scary Monsters and Nice Sprites EP;2010;119938;6,48372E+15;House;39;75;8;19
Back To U;SLANDER;Back To U;2019;14979;3,57333E+16;Trance;57;76;6;28
Love Is Gone - Acoustic;SLANDER;Love Is Gone (Acoustic);2020;139644;2,94952E+16;Techno;75;76;2;29
Potions - SLANDER & Bossfight Remix;SLANDER;Potions (SLANDER & Bossfight Remix);2020;149943;398;Trance;27;76;6;29
Running To You;SLANDER;Running To You;2019;149941;5,01417E+16;Trance;39;76;6;28
Superhuman;SLANDER;Superhuman;2019;127908;447685;Future House;53;76;3;28
All I Need;Slushii;All I Need;2019;123991;37625;Future House;52;77;3;28
Dreaming of You;Slushii;Dreaming of You;2018;164858;3,05453E+16;Hardstyle/Hardcore;30;77;4;27
Level Up;Slushii;Find Your Wings;2018;150037;33759;Hardstyle/Hardcore;29;77;4;27
LUV U NEED U;Slushii;LUV U NEED U;2018;14695;244515;Trance;49;77;6;27
Melting over You;Slushii;Out of Light;2018;9502;3,13407E+16;Downtempo;23;77;7;27
We’re Falling;Slushii;Blow The Socket;2019;124001;2,91128E+16;Future House;0;77;3;28
Show Me Love (feat. Robin S) - Radio Edit;Steve Angello;Show Me Love (feat. Robin S);2011;129971;309355;Tech House;51;78;1;20
Stockholm Skies (feat. Tom Taped & Alex Aris);Steve Angello;Wild Youth;2014;128001;4,55733E+16;Tech House;30;78;1;23
Be Somebody (feat. Kiiara);Steve Aoki;Neon Future III;2019;115012;3,30468E+16;House;33;79;8;28
Boneless;Steve Aoki;Boneless;2012;127995;45;Future House;57;79;3;21
Delirious (Boneless) (feat. Kid Ink);Steve Aoki;Neon Future I;2013;128004;372355;Tech House;58;79;1;22
Just Hold On;Steve Aoki;Neon Future III;2016;114991;33129;Deep House;55;79;5;25
Pretender (feat. Lil Yachty & AJR);Steve Aoki;Neon Future III;2022;103093;3,14562E+16;Deep House;47;79;5;31
Waste It On Me (feat. BTS);Steve Aoki;Neon Future III;2018;96097;3,20893E+16;Downtempo;60;79;7;27
Antidote - Swedish House Mafia Dub;Swedish House Mafia;Antidote;2013;128011;62354;Tech House;21;80;1;22
Don't You Worry Child - Radio Edit;Swedish House Mafia;Don't You Worry Child;2012;129042;35477;Tech House;81;80;1;21
Greyhound;Swedish House Mafia;Until Now;2012;124976;6,83493E+16;Future House;61;80;3;21
Heaven Takes You Home (feat. Connie Constance);Swedish House Mafia;Paradise Again;2022;125037;356785;Future House;76;80;3;31
Miami 2 Ibiza - Swedish House Mafia vs. Tinie Tempah;Swedish House Mafia;Disc-Overy;2010;12503;3441;Future House;46;80;3;19
One - Radio Edit;Swedish House Mafia;One (Your Name);2012;125026;2832;Future House;60;80;3;21
Save The World;Swedish House Mafia;Save The World;2011;126879;3,55562E+16;Future House;65;80;3;20
Adieu;Tchami;Adieu;2021;125983;6,88888E+16;Future House;54;81;3;30
After Life (feat. Stacy Barthe);Tchami;After Life (feat. Stacy Barthe);2014;125989;4,88888E+16;Future House;46;81;3;23
Missing You (feat. AC Slater & Kaleem Taylor);Tchami;Missing You (feat. AC Slater & Kaleem Taylor);2018;126996;5,22833E+16;Future House;35;81;3;27
N9;Tchami;N9;2014;128002;375;Tech House;51;81;1;23
Prophecy;Tchami;Prophecy;2014;125006;464;Future House;37;81;3;23
Rainforest;Tchami;Rainforest;2015;126049;3,80952E+16;Future House;30;81;3;24
SIAW;Tchami;House Of Bliss;2019;126019;4,57142E+16;Future House;29;81;3;28
Untrue;Tchami;Untrue;2018;121028;417355;House;38;81;8;27
World To Me;Tchami;World To Me;2016;122015;5,04917E+16;House;29;81;8;25
Closer;The Chainsmokers;Closer;2016;9501;4,08267E+16;Downtempo;84;82;7;25
Don't Let Me Down;The Chainsmokers;Don't Let Me Down;2016;159805;3,47288E+16;Hardstyle/Hardcore;81;82;4;25
Let You Go - Radio Edit;The Chainsmokers;Let You Go (Radio Edit);2016;125979;364955;Future House;49;82;3;25
Paris;The Chainsmokers;Memories...Do Not Open;2017;9999;3,69177E+16;Downtempo;73;82;7;26
Roses;The Chainsmokers;Roses;2015;100001;3,77897E+16;Deep House;73;82;5;24
Sick Boy;The Chainsmokers;Sick Boy;2018;89996;322;Downtempo;63;82;7;27
Side Effects;The Chainsmokers;Sick Boy;2018;11001;28791;Deep House;54;82;5;27
Something Just Like This;The Chainsmokers;Memories...Do Not Open;2017;103019;4,11933E+16;Deep House;88;82;5;26
Takeaway;The Chainsmokers;World War Joy;2019;1001;3498;Deep House;68;82;5;28
Who Do You Love;The Chainsmokers;World War Joy;2019;139927;3,77888E+16;Techno;66;82;2;28
Block Rockin' Beats;The Chemical Brothers;Dig Your Own Hole;1997;109369;5,22777E+16;Deep House;49;83;5;6
Do It Again;The Chemical Brothers;We Are The Night;2004;123974;554955;Future House;48;83;3;13
Galvanize;The Chemical Brothers;Push The Button;2005;104003;656355;Deep House;62;83;5;14
Go;The Chemical Brothers;Born In The Echoes;2005;11997;4,34493E+16;House;46;83;8;14
Hey Boy Hey Girl;The Chemical Brothers;Surrender;2002;127001;484155;Future House;63;83;3;11
Leave Home;The Chemical Brothers;Exit Planet Dust;1995;108012;5,54647E+16;Deep House;49;83;5;4
Setting Sun;The Chemical Brothers;Dig Your Own Hole;1996;135041;5,47888E+16;Techno;41;83;2;5
Star Guitar;The Chemical Brothers;Come With Us;2002;126968;6,45288E+16;Future House;48;83;3;11
The Salmon Dance;The Chemical Brothers;We Are The Night;2007;124013;3,67043E+16;Future House;52;83;3;16
Wide Open;The Chemical Brothers;Born In The Echoes;2015;124014;591005;Future House;42;83;3;24
Drive It Like You Stole It;The Glitch Mob;Drink the Sea;2014;85962;5,94088E+16;Downtempo;41;84;7;23
Eeze Up;The Glitch Mob;Eeze Up;2014;155057;3,40088E+16;Hardstyle/Hardcore;43;84;4;23
Fortune Days;The Glitch Mob;Drink the Sea;2010;104964;6,38022E+16;Deep House;49;84;5;19
Mind of a Beast;The Glitch Mob;Love Death Immortality;2010;144013;4,28303E+15;Trance;37;84;6;19
Breathe;The Prodigy;The Fat of the Land;1997;130041;5,60467E+16;Tech House;52;85;1;6
Charly;The Prodigy;Charly;1991;131009;398555;Tech House;38;85;1;1
Diesel Power;The Prodigy;The Fat of the Land;1997;105921;4,29333E+15;Deep House;37;85;5;6
Firestarter;The Prodigy;The Fat of the Land;1996;141507;4,66333E+16;Trance;51;85;6;5
No Good (Start the Dance);The Prodigy;Music for the Jilted Generation;1994;144993;6,33177E+16;Trance;35;85;6;3
Omen;The Prodigy;Invaders Must Die;1994;140002;3,60043E+16;Trance;60;85;6;3
Out of Space;The Prodigy;Experience;1992;147078;50351;Trance;61;85;6;2
Poison;The Prodigy;Music for the Jilted Generation;1995;103993;6,70777E+16;Deep House;29;85;5;4
Smack My Bitch Up;The Prodigy;The Fat of the Land;1997;136216;57231;Techno;50;85;2;6
Voodoo People;The Prodigy;Music for the Jilted Generation;1994;149002;64511;Trance;38;85;6;3
Adagio For Strings;Tiësto;Just Be;2015;139975;7,39043E+16;Techno;57;86;2;24
Don't Be Shy;Tiësto;Don't Be Shy;2021;119986;2,34167E+16;House;74;86;8;30
Jackie Chan;Tiësto;Jackie Chan;2018;128005;3,59598E+16;Tech House;70;86;1;27
Lethal Industry;Tiësto;In My Memory;2001;135026;6,76533E+16;Techno;45;86;2;10
Red Lights;Tiësto;A Town Called Paradise;2013;124989;437;Future House;64;86;3;22
Secrets;Tiësto;Club Life, Vol. 4 - New York City;2014;128178;4,18243E+15;Tech House;63;86;1;23
Summer Nights - Tiësto’s Deep House Remix;Tiësto;Summer Nights (Tiësto’s Deep House Remix);2016;123989;32016;Future House;32;86;3;25
The Business;Tiësto;The Business;2020;120031;2,73333E+16;House;74;86;8;29
Wasted;Tiësto;A Town Called Paradise (Deluxe);2015;112014;3,16688E+16;Deep House;61;86;5;24
Anchor - Noisestorm Remix;Tritonal;Anchor (Remixes);2015;175272;404705;Hardstyle/Hardcore;39;87;4;24
Blackout;Tritonal;Blackout;2019;141889;3,52817E+16;Trance;30;87;6;28
From The Inside;Tritonal;From The Inside;2017;122068;362295;House;41;87;8;26
GAMMA GAMMA - Brillz Remix;Tritonal;GAMMA GAMMA (Remixes);2012;139957;4,51428E+16;Techno;16;87;2;21
Good Thing;Tritonal;Good Thing;2016;121051;33719;House;30;87;8;25
Hung Up;Tritonal;Hung Up;2013;119824;3,66667E+16;House;36;87;8;22
Medicine (Tritonia 487) [Tritonal Throwback];Tritonal;Tritonia 487;2021;147952;497635;Trance;34;87;6;30
Satellite - Instrumental Mix;Tritonal;Tritonia - Chapter 001;2011;12807;42375;Tech House;12;87;1;20
Something New (Tritonia 469) [Tritonal Throwback] - Club Mix;Tritonal;Tritonia 469;2016;132024;59015;Techno;12;87;2;25
Angels (feat. Kat Nestel) - Radio Edit;Vicetone;Angels (feat. Kat Nestel);2015;128026;3,57208E+16;Tech House;55;88;1;24
Animal;Vicetone;Legacy;2013;123991;329435;Future House;56;88;3;22
Catch Me;Vicetone;Catch Me;2015;126003;3,21018E+16;Future House;20;88;3;24
I Hear You;Vicetone;I Hear You;2019;118035;2,64823E+16;House;37;88;8;28
Nevada;Vicetone;Nevada;2016;124015;3,47602E+16;Future House;70;88;3;25
No Way Out (feat. Kat Nestel) - Radio Edit;Vicetone;No Way Out (feat. Kat Nestel);2016;126021;34469;Future House;39;88;3;25
Stars;Vicetone;Stars;2016;128002;396875;Tech House;26;88;1;25
United We Dance - Vicetone Edit;Vicetone;United We Dance (New Mixes);2018;126;425805;Future House;38;88;3;27
Waiting;Vicetone;Waiting;2019;104964;3,42857E+16;Deep House;59;88;5;28
Energy Drink;Virtual Riot;The Classics;2018;128029;506295;Tech House;44;89;1;27
Lost It - VIP;Virtual Riot;Lost It;2018;15501;44387;Hardstyle/Hardcore;42;89;4;27
Showdown;Virtual Riot;Chemistry EP;2016;149996;404;Trance;15;89;6;25
The Darkest Night;Virtual Riot;German Engineering EP;2018;14375;4,14053E+15;Trance;21;89;6;27
Touhou Riddim - Subtronics Remix;Virtual Riot;Simulation - The DLC;2020;72454;347585;Downtempo;39;89;7;29
Automatic;Wolfgang Gartner;Automatic;2009;174027;3,55763E+16;Hardstyle/Hardcore;29;90;4;18
Feel Right;Wolfgang Gartner;10 Ways To Steal Home Plate;2015;127927;3,26268E+16;Future House;32;90;3;24
Flexx - Radio Edit;Wolfgang Gartner;Flexx;2011;128969;344555;Tech House;18;90;1;20
Hurricane Slurricane;Wolfgang Gartner;10 Ways To Steal Home Plate;2017;116995;2,94318E+16;House;15;90;8;26
Illmerica;Wolfgang Gartner;Weekend In America;2010;129031;563;Tech House;39;90;1;19
Love & War;Wolfgang Gartner;Love & War;2013;12798;6,18843E+16;Future House;18;90;3;22
Space Junk;Wolfgang Gartner;Weekend In America;2011;129497;3,47777E+16;Tech House;21;90;1;20
DJ Turn It Up;Yellow Claw;Amsterdam Twerk Music;2016;102018;35296;Deep House;61;91;5;25
In My Room (feat. Ty Dolla $ign & Tyga);Yellow Claw;Blood For Mercy;2015;104015;2,81068E+16;Deep House;49;91;5;24
Love & War - Yellow Claw G-Funk Remix;Yellow Claw;Los Amsterdam (Remixes, Pt. 1);2014;92978;1,92577E+16;Downtempo;58;91;7;23
Public Enemy;Yellow Claw;New Blood;2015;150018;37604;Hardstyle/Hardcore;37;91;4;24
Shotgun;Yellow Claw;Shotgun;2018;144983;322765;Trance;51;91;6;27
Till It Hurts;Yellow Claw;Till It Hurts;2016;145055;3,14467E+16;Trance;44;91;6;25
Beautiful Now;Zedd;True Colors;2015;128003;3,63822E+16;Tech House;67;92;1;24
Clarity;Zedd;Clarity;2012;128;4,52377E+16;Tech House;74;92;1;21
Find You;Zedd;Divergent: Original Motion Picture Soundtrack;2014;127973;3,38843E+16;Future House;49;92;3;23
Get Low (with Liam Payne);Zedd;Get Low (with Liam Payne);2019;108018;3,40972E+16;Deep House;53;92;5;28
Happy Now;Zedd;Happy Now;2019;88335;3,45048E+16;Downtempo;63;92;7;28
Happy Now;Zedd;Happy Now;2019;88335;3,45048E+16;Downtempo;63;92;7;28
I Want You To Know;Zedd;True Colors;2015;129999;4;Tech House;64;92;1;24
Spectrum;Zedd;Clarity;2011;12999;4,05688E+16;Tech House;59;92;1;20
Stay;Zedd;Stay;2016;10204;35015;Deep House;74;92;5;25
The Middle;Zedd;The Middle;2017;10701;3,07887E+16;Deep House;78;92;5;26
Adrenaline;Zeds Dead;Adrenaline;2018;140249;3,54267E+16;Trance;27;93;6;27
Alive;Zeds Dead;Alive;2018;120987;32898;House;55;93;8;27
Collapse (feat. Memorecks);Zeds Dead;Somewhere Else;2016;135102;4,74073E+15;Techno;45;93;2;25
In The Beginning;Zeds Dead;Adrenaline;2013;140027;38215;Trance;34;93;6;22
Lost You (feat. Twin Shadow & D'Angelo Lacy);Zeds Dead;Lost You (feat. Twin Shadow & D'Angelo Lacy);2020;126012;3,63853E+16;Future House;47;93;3;29
Rude Boy;Zeds Dead;Rude Boy;2012;139795;2,74292E+16;Techno;37;93;2;21
You Know - Radio Edit;Zeds Dead;You Know;2015;123994;3,29048E+16;Future House;38;93;3;24
