Track,Artist,Album,Year,Duration,Time_Signature,Danceability,Energy,Key,Loudness,Mode,Speechiness,Acousticness,Instrumentalness,Liveness,Valence,Tempo,Popularity
All Over The World - Above & Beyond Extended Club Mix,Above & Beyond,The Club Mix Collection,2009,412266,4,0.65,0.816,0,-5.749,1,0.0476,0.00471,0.458,0.0896,0.519,128.012,9
Alone Tonight - Above & Beyond Club Mix (Edit),Above & Beyond,The Club Mix Collection,2009,206400,4,0.506,0.822,3,-8.63,0,0.0497,0.255,0.0516,0.0775,0.37,137.909,33
Blue Sky Action - Above & Beyond Extended Club Mix,Above & Beyond,Blue Sky Action,2014,400226,4,0.691,0.581,5,-6.563,1,0.0386,0.000701,0.0311,0.0855,0.265,130.014,16
Can't Sleep - Radio Edit,Above & Beyond,Can't Sleep,2013,192866,4,0.641,0.932,7,-5.797,0,0.0658,0.0657,0.0353,0.06,0.335,132.991,38
Happiness Amplified,Above & Beyond,Common Ground,2019,332946,4,0.482,0.525,1,-10.987,1,0.0408,0.0894,0.000507,0.0652,0.0867,125.985,34
No One On Earth (Above & Beyond Respray) [Mixed] - Gabriel & Dresden Remix,Above & Beyond,A State Of Trance 1000 - Celebration Mix (Mixed by Armin van Buuren),2009,73840,3,0.533,0.907,1,-6.942,1,0.0366,0.00598,0.846,0.319,0.388,130.027,21
On a Good Day - Above & Beyond Radio Edit,Above & Beyond,On A Good Day,2009,221360,4,0.6,0.783,6,-7.265,1,0.0254,0.032,0.00665,0.207,0.818,136.002,20
Sun & Moon,Above & Beyond,Acoustic,2011,288026,4,0.48,0.406,6,-11.467,0,0.0308,0.766,0.00000177,0.122,0.196,136.804,36
Thing Called Love - Original Mix,Above & Beyond,Group Therapy,2011,329333,4,0.492,0.87,3,-6.703,0,0.0367,0.00155,0.0157,0.326,0.28,134.019,40
We’re All We Need - SpectraSoul Remix (Mixed),Above & Beyond,Anjunabeats presents Drum & Bass 01 (DJ Mix),2015,242790,4,0.546,0.87,5,-4.551,0,0.0418,0.000159,0.159,0.458,0.217,171.996,24
Crash 2.0,Adventure Club,Red // Blue,2018,254879,4,0.66,0.653,8,-4.746,1,0.0584,0.00253,0,0.0673,0.162,127.975,47
Do I See Color,Adventure Club,Do I See Color - Single,2013,231267,4,0.586,0.958,8,-4.013,0,0.0517,0.00024,0.581,0.365,0.676,139.956,38
Fade (feat. Zak Waters),Adventure Club,Red // Blue,2013,207743,3,0.413,0.909,11,-4.16,0,0.0606,0.0117,0.0979,0.107,0.0393,100.831,35
Gold (feat. Yuna),Adventure Club,Calling All Heroes,2016,257044,4,0.479,0.675,9,-4.893,0,0.0413,0.0319,0.00536,0.128,0.189,145.022,46
Limitless (feat. Delaney Jane),Adventure Club,Red // Blue,2017,244610,4,0.509,0.724,0,-4.333,0,0.0499,0.0766,0.0000107,0.155,0.132,80.033,39
Need Your Heart (feat. Kai),Adventure Club,Need Your Heart (feat. Kai),2018,241568,4,0.41,0.712,7,-4.281,0,0.0392,0.00512,0.0000523,0.164,0.166,140.093,41
Rebellious (feat. Yuna),Adventure Club,Love // Chaos,2016,230341,4,0.367,0.536,3,-6.151,1,0.0317,0.222,0,0.129,0.199,79.004,25
Rise & Fall (feat. Krewella),Adventure Club,Rise & Fall (feat. Krewella),2019,361842,4,0.512,0.83,5,-5.293,0,0.0445,0.00213,0.166,0.0694,0.452,140.023,40
Wonder (feat. The Kite String Tangle),Adventure Club,Calling All Heroes,2018,291224,4,0.655,0.809,7,-3.678,0,0.0334,0.0426,0.000505,0.286,0.272,123,41
As Your Friend,AFROJACK,As Your Friend,2013,240004,4,0.654,0.761,6,-4.404,1,0.0678,0.0467,0,0.104,0.805,128.033,37
No Beef,AFROJACK,No Beef,2012,361941,4,0.741,0.838,11,-5.181,0,0.0404,0.0229,0.31,0.0649,0.234,127.98,44
Rock The House,AFROJACK,Rock The House,2012,230791,4,0.689,0.841,4,-5.592,0,0.0862,0.0176,0.776,0.137,0.541,130.049,37
Take over Control (feat. Eva Simons),AFROJACK,Take over Control (feat. Eva Simons),2010,220520,4,0.735,0.699,0,-4.435,0,0.084,0.121,0.0000282,0.0809,0.603,129.944,52
Ten Feet Tall,AFROJACK,Forget The World (Deluxe),2014,229149,4,0.523,0.861,0,-3.447,1,0.0644,0.0336,0,0.144,0.346,127.049,59
The Spark,AFROJACK,Forget The World (Deluxe),2014,240893,4,0.651,0.898,11,-4.942,1,0.0391,0.152,0,0.11,0.599,126.051,53
All Falls Down (feat. Juliander),Alan Walker,All Falls Down (feat. Juliander),2017,199111,4,0.658,0.678,1,-4.407,1,0.058,0.303,0,0.361,0.662,97.976,61
Alone,Alan Walker,Alone,2016,161200,4,0.676,0.929,10,-3.194,1,0.0458,0.186,0.000405,0.121,0.157,97.019,61
Darkside,Alan Walker,Different World,2018,211680,4,0.43,0.606,4,-5.115,0,0.0431,0.131,0,0.173,0.123,169.988,72
Faded,Alan Walker,Faded,2015,212626,4,0.589,0.651,6,-5.097,1,0.0306,0.0291,0.0000032,0.111,0.166,90.011,70
Force,Alan Walker,Origins,2019,240005,4,0.599,0.544,1,-8.868,0,0.0605,0.00192,0.0542,0.07,0.264,105.009,49
On My Way,Alan Walker,On My Way,2015,193797,4,0.509,0.689,1,-4.929,0,0.102,0.0209,0,0.301,0.297,170.087,73
Sing Me to Sleep,Alan Walker,Sing Me to Sleep,2016,189333,4,0.491,0.607,4,-6.333,0,0.0668,0.0125,0.00000152,0.289,0.166,176.112,59
Spectre,Alan Walker,Origins,2015,230634,4,0.805,0.758,4,-4.819,1,0.0483,0.000875,0.335,0.125,0.423,127.95,53
The Spectre,Alan Walker,The Spectre,2017,193787,4,0.654,0.711,1,-7.437,0,0.0383,0.0214,0.00191,0.0903,0.198,127.957,72
Tired,Alan Walker,Tired,2019,192111,4,0.69,0.876,2,-4.159,1,0.059,0.0428,0,0.147,0.493,123.994,61
Cool,Alesso,Forever,2015,221400,4,0.537,0.848,6,-2.431,0,0.0313,0.0365,0,0.423,0.498,128.023,54
Heroes (we could be),Alesso,Forever,2014,210013,4,0.503,0.748,5,-4.124,1,0.0619,0.0305,0,0.343,0.356,125.896,71
Midnight (feat. Liam Payne),Alesso,Midnight (feat. Liam Payne),2018,220140,4,0.588,0.648,11,-6.927,0,0.0435,0.0561,0,0.115,0.283,144.029,55
Only You,Alesso,Only You,2016,145174,4,0.483,0.917,3,-2.528,1,0.0438,0.00235,0.000347,0.119,0.323,129.035,55
Sweet Escape,Alesso,Forever,2015,232533,4,0.572,0.839,2,-3.865,1,0.0397,0.0721,0.00000174,0.197,0.516,126.029,50
Tear The Roof Up - Radio Edit,Alesso,Forever,2013,195786,4,0.684,0.954,7,-3.406,1,0.0553,0.0233,0.305,0.0608,0.416,126.023,32
Church,Alison Wonderland,Awake,2018,183912,4,0.551,0.681,10,-4.873,0,0.0401,0.0251,0,0.481,0.227,94.052,44
Cold,Alison Wonderland,Run,2018,212793,4,0.478,0.785,6,-5.437,0,0.159,0.0157,0.0657,0.0695,0.532,140.977,25
Cry,Alison Wonderland,Awake,2018,199942,4,0.653,0.656,8,-6.27,1,0.0441,0.0271,0,0.0897,0.511,161.964,38
Games,Alison Wonderland,Run,2018,215919,4,0.263,0.926,1,-4.334,1,0.0614,0.00194,0.147,0.154,0.532,164.848,29
Happy Place,Alison Wonderland,Awake,2018,200503,4,0.506,0.849,11,-6.987,0,0.191,0.00146,0.0543,0.418,0.287,150.072,36
Here 4 U - Alison Wonderland x BLESSUS,Alison Wonderland,Awake,2020,165375,4,0.549,0.702,1,-4.809,1,0.309,0.0549,0.467,0.34,0.447,160.048,33
I Want U,Alison Wonderland,Run,2018,210017,4,0.606,0.829,1,-3.455,0,0.036,0.00172,0.0000543,0.276,0.384,140.033,52
No,Alison Wonderland,Awake,2018,240557,4,0.581,0.865,11,-5.888,0,0.0895,0.00816,0.00024,0.386,0.293,174.034,31
Run,Alison Wonderland,Run,2018,218783,4,0.507,0.779,0,-5.763,1,0.0333,0.00389,0.02,0.398,0.109,145.02,44
U Don’t Know,Alison Wonderland,Run,2019,243625,4,0.537,0.707,2,-5.718,0,0.033,0.000635,0.00000336,0.131,0.187,138.055,40
Ageispolis,Aphex Twin,Selected Ambient Works 85-92,1999,323186,4,0.645,0.393,6,-17.543,0,0.043,0.00903,0.89,0.364,0.441,101.757,54
Alberto Balsalm,Aphex Twin,...I Care Because You Do,1995,310746,4,0.791,0.599,3,-13.648,1,0.145,0.315,0.928,0.111,0.57,93.988,55
Avril 14th,Aphex Twin,Drukqs,2001,125520,4,0.558,0.0259,8,-30.016,1,0.0458,0.996,0.871,0.0969,0.37,157.811,64
Flim,Aphex Twin,Come To Daddy,1997,177093,4,0.71,0.734,0,-14.932,0,0.052,0.513,0.836,0.0701,0.4,147.98,57
Girl/Boy Song,Aphex Twin,Richard D. James Album,1995,292826,4,0.53,0.64,0,-9.149,1,0.102,0.426,0.916,0.0878,0.482,168.937,39
On,Aphex Twin,On,2014,432893,4,0.596,0.95,6,-12.759,1,0.0462,0.0339,0.858,0.138,0.434,134.984,38
Polynomial-C,Aphex Twin,Classics,1992,286506,4,0.224,0.803,1,-10.739,1,0.0553,0.63,0.935,0.0926,0.551,72.287,43
Vordhosbn,Aphex Twin,Drukqs,2010,291386,4,0.662,0.96,11,-6.619,0,0.136,0.0479,0.865,0.161,0.605,170.071,44
Windowlicker,Aphex Twin,Windowlicker,1999,365640,4,0.696,0.775,10,-5.097,0,0.142,0.132,0.00879,0.37,0.474,123.023,52
Xtal,Aphex Twin,Selected Ambient Works 85-92,1992,293751,4,0.51,0.505,9,-13.053,0,0.0344,0.342,0.96,0.117,0.318,114.532,61
Beautiful Life,Armin van Buuren,Intense,2018,368640,4,0.64,0.745,8,-6.977,1,0.0394,0.0496,0.0128,0.0754,0.466,128.001,39
Blah Blah Blah,Armin van Buuren,Blah Blah Blah,2009,183518,4,0.612,0.963,5,-3.912,0,0.0531,0.00897,0.00378,0.294,0.179,138.009,64
Communication,Armin van Buuren,Communication,1999,199667,4,0.386,0.967,8,-6.649,1,0.0379,5.45E-05,0.908,0.204,0.509,135.959,45
I Need You,Armin van Buuren,I Need You (feat. Olaf Blackwood),2015,206750,4,0.6,0.863,8,-5.754,0,0.031,0.00168,0.00406,0.0939,0.223,106.997,43
Not Giving Up On Love,Armin van Buuren,Mirage,2010,173760,3,0.593,0.896,4,-5.035,0,0.051,0.0569,0.00000484,0.167,0.463,131.063,47
Ping Pong - Hardwell Remix,Armin van Buuren,Ping Pong (Hardwell Remix),2012,180923,4,0.575,0.985,6,-3.493,1,0.0747,0.00379,0.155,0.0471,0.0762,129.956,47
Shivers,Armin van Buuren,Armin Anthems Top 100 (Ultimate Singles Collected),2022,189816,4,0.472,0.88,1,-10.189,1,0.0323,0.00152,0.0712,0.507,0.362,135.007,41
This Is What It Feels Like - Armin van Buuren 2023 Remix,Armin van Buuren,This Is What It Feels Like (Armin van Buuren 2023 Remix),2023,219172,4,0.541,0.929,8,-4.831,1,0.0468,0.00468,0.0364,0.193,0.11,129.902,54
Turn The World Into A Dancefloor (ASOT 1000 Anthem),Armin van Buuren,A State Of Trance FOREVER,2022,214001,4,0.55,0.945,10,-6.369,0,0.048,0.00945,0.891,0.427,0.0645,135.009,33
Hindsight - Original Mix,Audien,Hindsight,2014,285000,4,0.638,0.963,1,-2.428,1,0.0546,0.00833,0.00123,0.461,0.0635,128.007,28
Living in Color,Audien,Living in Color,2016,172500,3,0.506,0.63,11,-4.325,1,0.034,0.0598,0,0.225,0.339,127.914,51
Something Better,Audien,Daydreams,2015,212619,4,0.549,0.835,2,-2.632,1,0.0656,0.0692,0,0.212,0.423,126.08,46
Wish It Was You,Audien,Wish It Was You,2019,192000,4,0.644,0.616,1,-3.928,0,0.0391,0.0927,0,0.105,0.467,124.957,53
Fade Into Darkness - Vocal Radio Mix,Avicii,Fade Into Darkness,2011,198133,4,0.556,0.885,6,-4.045,1,0.0321,0.00786,0.00000195,0.138,0.771,125.997,58
Hey Brother,Avicii,True,2013,255093,4,0.545,0.78,7,-4.867,0,0.0436,0.0309,0.0000464,0.0828,0.458,125.014,78
Levels - Original Version,Avicii,Levels,2011,338866,4,0.602,0.834,1,-6.573,0,0.0358,0.0297,0.887,0.34,0.353,125.99,60
Silhouettes - Original Radio Edit,Avicii,Silhouettes,2012,211880,4,0.605,0.8,5,-6.235,0,0.0545,0.155,0.0562,0.121,0.836,128.074,65
The Days,Avicii,The Days / Nights,2014,278480,4,0.59,0.724,0,-3.278,1,0.0439,0.04,0.0000407,0.142,0.526,127.059,65
The Nights,Avicii,The Days / Nights,2013,176658,4,0.527,0.835,6,-5.298,1,0.0433,0.0166,0,0.249,0.654,125.983,85
Waiting For Love,Avicii,Stories,2015,230613,4,0.579,0.736,6,-3.863,0,0.0527,0.31,0,0.198,0.613,127.999,80
Wake Me Up,Avicii,True,2013,247426,4,0.532,0.783,2,-5.697,1,0.0523,0.0038,0.0012,0.161,0.643,124.08,86
Without You (feat. Sandro Cavazza),Avicii,AVĪCI - 01,2017,181672,4,0.662,0.858,2,-4.844,1,0.0428,0.00163,0,0.0456,0.295,133.993,77
You Make Me,Avicii,True,2013,233346,4,0.586,0.727,6,-4.799,1,0.039,0.00247,0.0107,0.152,0.496,124.99,65
Center of the Universe - Radio Edit,Axwell,Center of the Universe (Original Radio Edit),2013,217773,4,0.598,0.838,4,-5.226,1,0.0334,0.00424,0.0567,0.37,0.318,129.019,29
Feel The Vibe,Axwell,Feel The Vibe,2007,426946,4,0.634,0.846,11,-7.848,0,0.0456,0.00509,0.695,0.229,0.818,128.009,37
Heart Is King,Axwell,Heart Is King,2012,414923,4,0.706,0.746,7,-4.547,1,0.142,0.000211,0.858,0.0889,0.26,127.954,18
I Found U - Radio Edit,Axwell,I Found U,2013,171680,4,0.67,0.962,4,-6.972,0,0.0716,0.0683,0.00919,0.595,0.227,129.978,25
Leave The World Behind - Radio Edit,Axwell,Leave The World Behind,2009,161718,4,0.525,0.849,10,-7.727,0,0.0484,0.00232,0.00196,0.322,0.277,128.055,58
Nothing But Love - Axwell vs Daddy's Groove Remix,Axwell,Nothing But Love (Remixes),2011,370521,4,0.64,0.842,6,-3.965,0,0.0505,0.132,0.19,0.103,0.578,128.968,13
Dreamer,Axwell /\ Ingrosso,More Than You Know,2016,251147,4,0.627,0.847,10,-5.303,1,0.0352,0.0237,0,0.212,0.611,126.017,60
I Love You,Axwell /\ Ingrosso,More Than You Know,2015,190986,4,0.643,0.868,0,-4.03,1,0.15,0.3,0,0.119,0.71,114.895,50
More Than You Know,Axwell /\ Ingrosso,More Than You Know,2017,203000,4,0.646,0.741,5,-4.973,0,0.034,0.0275,0,0.312,0.571,123.077,80
On My Way,Axwell /\ Ingrosso,More Than You Know,2017,264800,4,0.646,0.814,0,-4.547,1,0.0433,0.0583,0.0000642,0.118,0.326,127.978,50
Renegade,Axwell /\ Ingrosso,More Than You Know,2015,191893,4,0.657,0.839,0,-5.397,1,0.0686,0.00602,0.00452,0.0871,0.547,120.054,46
Something New,Axwell /\ Ingrosso,More Than You Know,2016,247146,4,0.577,0.851,11,-3.975,1,0.0339,0.0197,0.000462,0.118,0.396,129.952,56
Sun Is Shining,Axwell /\ Ingrosso,More Than You Know,2015,254653,4,0.467,0.757,2,-3.01,1,0.0517,0.0866,0,0.0742,0.383,131.993,66
Bass Head,Bassnectar,Timestretch,2011,396882,4,0.732,0.678,6,-6.631,1,0.182,0.000997,0.0505,0.108,0.0611,84.98,41
Boomerang,Bassnectar,Divergent Spectrum,2013,264000,4,0.391,0.843,7,-3.865,0,0.0401,1.21E-05,0.85,0.374,0.233,139.967,21
Butterfly,Bassnectar,Vava Voom,2011,258000,4,0.32,0.624,8,-5.115,1,0.0321,0.00231,0.17,0.0851,0.0392,140.007,38
Empathy,Bassnectar,Vava Voom,2017,260571,4,0.382,0.976,11,-2.909,1,0.0729,1.28E-05,0.556,0.109,0.337,140.014,39
The Matrix,Bassnectar,Divergent Spectrum,2010,265411,4,0.526,0.923,4,-3.318,0,0.113,9.63E-05,0.124,0.446,0.632,169.916,30
Timestretch,Bassnectar,Timestretch,2010,362142,4,0.512,0.895,0,-4.223,1,0.0411,0.000532,0.0905,0.0615,0.138,139.92,37
Vava Voom,Bassnectar,Vava Voom,2012,229714,4,0.535,0.969,7,-1.18,1,0.0403,0.000409,0.000166,0.345,0.168,140.044,33
You & Me (feat. W. Darling),Bassnectar,Noise vs Beauty,2013,244285,4,0.493,0.744,7,-4.021,1,0.0342,0.000748,0.384,0.322,0.151,140.041,40
Cinema (feat. Gary Go) - Skrillex Remix,Benny Benassi,Electroman,2011,307986,4,0.636,0.983,6,-3.807,0,0.173,0.00901,0.00783,0.0683,0.434,145.077,61
My House (feat. Jean-Baptiste Kouame),Benny Benassi,Electroman,2008,206840,4,0.696,0.756,4,-3.75,1,0.0601,0.0244,0,0.254,0.503,125.959,16
"No Matter What You Do - Benny Benassi Presents the Biz, Sfact Video Edit",Benny Benassi,Benny Benassi - The Best Satisfaction,2008,207020,4,0.731,0.813,11,-2.323,1,0.175,0.43,0.00000391,0.16,0.665,130.023,31
Paradise - Radio Edit,Benny Benassi,Paradise (Radio Edit),2008,233168,4,0.592,0.865,11,-5.426,1,0.0494,0.00923,0,0.12,0.511,127.877,45
Satisfaction,Benny Benassi,Hypnotica,2002,285413,4,0.802,0.725,11,-3.392,1,0.102,0.165,0.0984,0.0782,0.347,129.984,56
Crush Me Down (You Spin Me Around),Blasterjaxx,Crush Me Down (You Spin Me Around),2014,121232,4,0.603,0.896,1,-4.485,1,0.128,0.014,0.000173,0.265,0.335,149.927,62
He's A Pirate,Blasterjaxx,He's A Pirate,2011,183555,4,0.296,0.951,2,-4.845,0,0.0757,0.000933,0.864,0.419,0.0509,134.967,50
Narco,Blasterjaxx,Narco,2018,208634,4,0.764,0.943,8,-4.047,1,0.0711,0.00784,0.104,0.0699,0.207,129.961,63
Shadows,Blasterjaxx,Shadows,2016,214400,4,0.563,0.912,0,-3.883,0,0.0371,0.0055,0.00000145,0.53,0.3,74.983,48
I Feel for You,Bob Sinclar,Champs Elysées,2006,350813,4,0.658,0.89,8,-4.432,0,0.0435,0.000164,0.012,0.337,0.504,129.974,48
Kiss My Eyes,Bob Sinclar,III,2008,260519,4,0.863,0.86,10,-4.968,0,0.0378,0.00109,0.0239,0.0523,0.917,126.98,33
Love Generation - Edit,Bob Sinclar,Love Generation (Edit),2005,204105,4,0.723,0.856,1,-3.569,1,0.0673,0.146,0.000155,0.0798,0.553,128.047,71
Rock This Party (Everybody Dance Now),Bob Sinclar,Rock This Party (Everybody Dance Now),2006,245466,4,0.893,0.823,5,-3.708,0,0.122,0.0722,0,0.0515,0.901,128.011,70
Samba in Hell - Erik Hagleton Remix,Bob Sinclar,Samba in Hell,2018,400026,4,0.731,0.943,1,-6.917,0,0.0501,0.00641,0.806,0.063,0.0831,126.021,8
Tik Tok,Bob Sinclar,Disco Crash,2006,186866,4,0.76,0.906,9,-2.977,0,0.132,0.126,0,0.348,0.747,130.044,36
Together,Bob Sinclar,Soundz of Freedom (My Ultimate Summer of Love Mix),2012,412483,4,0.647,0.916,6,-3.134,1,0.0381,0.000491,0.00414,0.124,0.352,128,36
"World, Hold On - FISHER Rework",Bob Sinclar,"World, Hold On (FISHER Rework)",2020,178304,4,0.772,0.882,1,-5.242,0,0.0589,0.00614,0.00627,0.136,0.891,127.006,68
Anywhere But Home,Breathe Carolina,Anywhere But Home,2010,190336,4,0.478,0.734,3,-4.255,0,0.0404,0.0222,0,0.18,0.238,128.096,27
Blackout,Breathe Carolina,Hell Is What You Make It,2013,210200,4,0.662,0.819,6,-4.609,1,0.124,0.00537,0,0.0498,0.801,122.951,51
Dance All Night,Breathe Carolina,Dance All Night,2011,129535,4,0.658,0.918,7,-4.064,1,0.0427,0.0181,0.757,0.0915,0.67,140.013,0
Hello Fascination,Breathe Carolina,Hello Fascination,2009,202026,4,0.466,0.99,8,-2.349,1,0.0969,0.0136,0.000184,0.456,0.213,139.988,37
I.D.G.A.F,Breathe Carolina,Hello Fascination,2014,194093,4,0.702,0.904,5,-3.456,1,0.0413,0.139,0.00000159,0.173,0.754,119.997,36
Sellouts,Breathe Carolina,Savages,2019,288853,4,0.47,0.753,11,-5.504,0,0.0667,0.0047,0,0.0708,0.372,159.98,46
Show Me Yours,Breathe Carolina,"It's Classy, Not Classic",2018,229946,4,0.561,0.709,0,-8.415,1,0.044,0.00802,0.0000276,0.0918,0.233,144.979,21
Blame (feat. John Newman),Calvin Harris,Motion,2014,212960,4,0.414,0.857,0,-4.078,0,0.0808,0.0287,0.00574,0.343,0.348,128.024,81
Feel So Close - Radio Edit,Calvin Harris,18 Months,2011,206413,4,0.707,0.924,7,-2.842,1,0.031,0.000972,0.00703,0.204,0.919,127.937,85
How Deep Is Your Love,Calvin Harris,How Deep Is Your Love,2015,212640,4,0.738,0.868,11,-4.373,0,0.0731,0.0392,0.00169,0.388,0.336,122.003,81
I Need Your Love (feat. Ellie Goulding),Calvin Harris,18 Months,2013,234506,4,0.695,0.869,8,-5.066,1,0.0483,0.41,0,0.237,0.58,124.989,75
My Way,Calvin Harris,My Way,2016,219159,4,0.818,0.913,4,-3.06,0,0.0426,0.093,0.0000369,0.161,0.536,119.986,79
Outside (feat. Ellie Goulding),Calvin Harris,Motion,2015,227266,4,0.646,0.823,2,-4.123,0,0.0394,0.213,0,0.322,0.418,128.035,85
Summer,Calvin Harris,Motion,2014,222533,4,0.596,0.856,4,-3.556,0,0.0346,0.0211,0.0178,0.141,0.743,127.949,86
Sweet Nothing (feat. Florence Welch),Calvin Harris,18 Months,2012,212560,4,0.573,0.929,8,-3.942,0,0.109,0.197,0.000112,0.0567,0.582,127.934,77
This Is What You Came For,Calvin Harris,This Is What You Came For,2016,222160,4,0.631,0.927,9,-2.787,0,0.0332,0.199,0.119,0.148,0.465,123.962,84
Dr. Funk (Riva Starr Mo' Funk Mix),Carl Cox,Dr. Funk (Riva Starr Remixes),2006,360420,4,0.811,0.991,2,-6.466,1,0.0444,0.000118,0.918,0.0324,0.28,126.002,42
Give Me Your Love - Valentino Kanzyani Mixshow,Carl Cox,Give Me Your Love,2005,356893,4,0.696,0.87,10,-7.546,0,0.0374,0.00185,0.864,0.0403,0.64,131.01,1
I Want You (Forever) - Josh Butler Remix - Radio Edit,Carl Cox,I Want You (Forever) [Josh Butler Remix],2011,245714,4,0.87,0.657,9,-8.833,1,0.0746,0.00411,0.0722,0.834,0.297,126.016,57
The Latin Theme - Roel Salemink & Steve Mulder Remix,Carl Cox,The Latin Theme,2007,439875,4,0.676,0.916,7,-5.863,1,0.0537,0.000235,0.846,0.405,0.41,127.984,30
Cry Baby,Clean Bandit,Cry Baby,2018,157086,4,0.664,0.762,1,-4.286,1,0.104,0.333,0.00000126,0.177,0.576,118.979,75
Disconnect,Clean Bandit,Disconnect,2018,252033,4,0.642,0.734,0,-6.788,0,0.031,0.1,0.0000319,0.102,0.622,123.972,42
Extraordinary (feat. Sharna Bass),Clean Bandit,New Eyes,2018,256676,4,0.715,0.825,0,-5.322,0,0.0348,0.171,0.00000556,0.0871,0.124,126.962,27
Mama (feat. Ellie Goulding),Clean Bandit,What Is Love? (Deluxe Edition),2016,189973,4,0.737,0.714,1,-6.138,0,0.0367,0.225,0.00000379,0.267,0.608,102.046,51
Rather Be (feat. Jess Glynne),Clean Bandit,Rather Be (feat. Jess Glynne),2014,227833,4,0.799,0.586,11,-6.735,1,0.0377,0.162,0.00000203,0.193,0.549,120.97,72
Rockabye (feat. Sean Paul & Anne-Marie),Clean Bandit,What Is Love? (Deluxe Edition),2016,251173,4,0.717,0.73,9,-4.729,0,0.0568,0.383,0,0.398,0.792,102.002,77
Solo (feat. Demi Lovato),Clean Bandit,What Is Love? (Deluxe Edition),2018,222706,4,0.74,0.622,11,-4.608,0,0.0446,0.0357,0.0000485,0.356,0.556,104.966,71
Symphony (feat. Zara Larsson),Clean Bandit,What Is Love? (Deluxe Edition),2017,212733,4,0.715,0.605,0,-5.128,0,0.0428,0.239,0.0000141,0.189,0.454,122.956,77
Up Again (feat. Rae Morris) - Drumsound & Bassline Smith Remix,Clean Bandit,New Eyes,2015,208649,4,0.459,0.887,8,-4.54,1,0.0394,0.00793,0,0.126,0.426,171.968,16
Aerodynamic,Daft Punk,Discovery,2001,212546,4,0.624,0.911,7,-7.482,1,0.0524,0.329,0.861,0.0727,0.135,122.902,60
Around the World,Daft Punk,Homework,1997,429533,4,0.956,0.795,7,-5.311,1,0.15,0.00356,0.889,0.0906,0.841,121.294,72
Da Funk,Daft Punk,Homework,1997,328680,4,0.806,0.7,0,-5.269,0,0.0752,0.00196,0.891,0.267,0.892,111.215,62
Digital Love,Daft Punk,Discovery,2001,301373,4,0.644,0.664,9,-8.398,1,0.0332,0.048,0.867,0.342,0.53,124.726,65
Get Lucky (feat. Pharrell Williams and Nile Rodgers),Daft Punk,Random Access Memories,2013,369626,4,0.81,0.793,6,-9.404,0,0.0403,0.0378,0.00000177,0.072,0.863,116.05,73
"Harder, Better, Faster, Stronger",Daft Punk,Discovery,2001,224693,4,0.817,0.716,6,-8.898,0,0.144,0.0427,0.00263,0.358,0.692,123.474,70
Instant Crush (feat. Julian Casablancas),Daft Punk,Random Access Memories,2013,337560,4,0.775,0.585,10,-9.516,0,0.0271,0.0422,0.619,0.077,0.518,109.942,75
Lose Yourself to Dance (feat. Pharrell Williams),Daft Punk,Random Access Memories,2013,353893,4,0.832,0.659,10,-7.828,0,0.057,0.0839,0.00114,0.0753,0.674,100.163,68
One More Time,Daft Punk,Discovery,2000,320357,4,0.613,0.697,2,-8.618,1,0.133,0.0194,0,0.332,0.476,122.746,76
Robot Rock,Daft Punk,Human After All,2005,287720,4,0.59,0.787,7,-5.766,1,0.0512,6.94E-06,0.845,0.0293,0.598,111.926,51
Feel the Beat,Darude,"Before the Storm, Special Edition",2000,259200,4,0.569,0.913,8,-6.973,1,0.0638,0.00618,0.834,0.287,0.504,137.822,52
Music - Original Radio Edit,Darude,Music,1999,225426,4,0.561,0.982,1,-5.726,1,0.0527,0.00132,0.755,0.656,0.786,137.965,26
Out Of Control (Back For More),Darude,"Before the Storm, Special Edition",2009,217653,4,0.601,0.942,9,-6.448,0,0.074,0.0462,0.0653,0.0397,0.305,136.854,30
Rush,Darude,Rush,1999,374706,4,0.59,0.965,8,-8.639,1,0.0412,0.0021,0.856,0.38,0.357,137.968,19
Sandstorm,Darude,"Before the Storm, Special Edition",1999,225493,4,0.528,0.965,11,-7.984,0,0.0465,0.141,0.985,0.0797,0.587,136.065,70
Touch Me Feel Me,Darude,Before the Storm,2005,374706,4,0.621,0.685,7,-10.201,1,0.0474,0.0741,0.736,0.155,0.241,104.909,28
"Hey Mama (feat. Nicki Minaj, Bebe Rexha & Afrojack)",David Guetta,Listen (Deluxe),2015,192560,4,0.596,0.73,9,-4.091,1,0.151,0.24,0,0.325,0.525,85.979,62
Just One Last Time (feat. Taped Rai),David Guetta,Nothing but the Beat 2.0,2012,227106,4,0.532,0.812,8,-2.507,1,0.0547,0.021,0,0.124,0.207,128.063,35
Memories (feat. Kid Cudi),David Guetta,One Love (Deluxe),2011,210093,4,0.561,0.87,8,-6.103,1,0.343,0.0015,0.00000282,0.246,0.498,129.98,67
Play Hard (feat. Ne-Yo & Akon),David Guetta,Nothing but the Beat 2.0,2012,201000,4,0.691,0.921,8,-1.702,0,0.0535,0.174,0,0.331,0.802,130.072,62
Sexy Bitch (feat. Akon),David Guetta,One Love (Deluxe),2009,195853,4,0.813,0.627,11,-5.018,0,0.0486,0.0771,0.000616,0.131,0.801,130.011,67
She Wolf (Falling to Pieces) [feat. Sia],David Guetta,Nothing but the Beat 2.0,2012,222500,4,0.491,0.857,7,-2.634,1,0.0656,0.0834,0.00000757,0.344,0.395,129.971,49
Titanium (feat. Sia),David Guetta,Nothing but the Beat,2011,245040,4,0.604,0.788,0,-3.673,0,0.103,0.0678,0.153,0.127,0.301,126.06,56
When Love Takes Over (feat. Kelly Rowland),David Guetta,One Love (Deluxe),2009,191000,4,0.675,0.862,11,-4.614,1,0.0253,0.0165,0.000427,0.169,0.498,129.967,58
Without You (feat. Usher),David Guetta,Nothing but the Beat 2.0,2011,208133,4,0.608,0.614,2,-3.727,1,0.0285,0.227,0.00000382,0.157,0.402,127.885,64
Ghosts 'n' Stuff - Extended Mix,deadmau5,5 Years of mau5,2008,328733,4,0.622,0.63,8,-6.941,1,0.127,4.7E-05,0.0961,0.193,0.433,127.995,58
I Remember - John Summit Remix,deadmau5,I Remember (John Summit Remix),2020,240000,4,0.531,0.855,7,-6.722,1,0.0335,0.00616,0.482,0.191,0.117,126.018,58
Moar Ghosts 'n' Stuff - Extended Mix,deadmau5,For Lack of A Better Name (The Extended Mixes),2010,297186,4,0.905,0.648,8,-5.582,1,0.103,0.000106,0.864,0.106,0.348,127.995,38
Not Exactly - Rebūke Remix,deadmau5,Not Exactly (Rebūke Remix),2020,180000,4,0.618,0.865,5,-7.367,1,0.037,0.0094,0.91,0.134,0.0396,130.007,47
Professional Griefers - Vocal Mix,deadmau5,> album title goes here <,2011,243746,4,0.733,0.508,1,-5.2,1,0.0713,8.05E-05,0.233,0.227,0.631,128.011,50
Raise Your Weapon,deadmau5,5 Years of mau5,2010,502909,4,0.506,0.698,1,-7.483,1,0.0812,0.0165,0.00174,0.112,0.0701,140.001,47
Sofi Needs a Ladder,deadmau5,5 Years of mau5,2011,401621,3,0.778,0.708,5,-7.752,1,0.053,0.00429,0.00257,0.748,0.34,128.011,47
Some Chords,deadmau5,5 Years of mau5,2010,443120,4,0.79,0.422,1,-8.014,1,0.0684,5.3E-05,0.602,0.074,0.406,128.025,45
Strobe - Radio Edit,deadmau5,Strobe,2009,212066,4,0.656,0.662,8,-9.345,0,0.0307,8.12E-05,0.884,0.104,0.0727,128.022,49
The Veldt - Radio Edit,deadmau5,The Veldt,2012,170066,4,0.736,0.759,9,-7.066,1,0.0347,0.0574,0.207,0.0778,0.485,128.036,55
Dechorro,Deorro,Dechorro,2016,307500,4,0.77,0.837,5,-3.978,0,0.0698,0.00465,0.115,0.122,0.187,127.989,29
Five Hours,Deorro,Five Hours,2014,326887,4,0.88,0.821,5,-2.545,0,0.118,0.0197,0.661,0.234,0.575,127.907,63
Five More Hours,Deorro,Good Evening,2015,211975,4,0.699,0.883,5,-3.226,0,0.219,0.0288,0,0.817,0.499,127.961,73
Perdoname (feat. DyCy & Adrian Delgado),Deorro,Perdoname (feat. DyCy & Adrian Delgado),2016,270053,4,0.855,0.856,9,-2.574,0,0.105,0.000926,0.00271,0.959,0.516,127.989,66
Yee,Deorro,Yee,2016,168753,4,0.718,0.993,5,-4.116,0,0.046,0.143,0.855,0.108,0.616,127.998,48
Candy (feat. Snappy Jit),Dillon Francis,Candy (feat. Snappy Jit),2014,182181,4,0.894,0.892,1,-2.663,1,0.131,0.0877,0.00167,0.0528,0.862,110.041,29
Coming Over (feat. James Hersey),Dillon Francis,This Mixtape is Fire.,2016,178333,4,0.631,0.661,5,-5.5,0,0.0999,0.227,0.00000143,0.166,0.698,174.031,50
Get Low,Dillon Francis,"Money Sucks, Friends Rule",2014,212773,4,0.674,0.932,11,-4.424,0,0.0859,0.0282,0.71,0.684,0.728,101.033,59
Goodies,Dillon Francis,This Mixtape is Fire TOO,2019,121904,4,0.838,0.866,5,-3.653,0,0.0402,0.0176,0.0127,0.0932,0.675,126.017,54
I.D.G.A.F.O.S.,Dillon Francis,I.D.G.A.F.O.S.,2018,248727,4,0.666,0.93,6,-3.826,0,0.0406,0.00168,0.000397,0.341,0.13,110.018,32
Say Less,Dillon Francis,Say Less,2018,204699,4,0.682,0.925,8,-5.436,1,0.208,0.102,0.000017,0.343,0.647,135.956,46
Touch,Dillon Francis,You Do You,2015,177658,4,0.742,0.644,0,-7.284,1,0.0577,0.221,0.0391,0.105,0.614,104.027,51
Ven,Dillon Francis,WUT WUT,2018,186004,4,0.738,0.723,0,-5.815,1,0.23,0.00828,0.0000202,0.259,0.386,115.06,27
Without You,Dillon Francis,Without You,2017,246000,3,0.717,0.637,0,-3.401,0,0.0347,0.25,0.306,0.347,0.392,119.951,32
Crowd Control - Radio Edit,Dimitri Vegas & Like Mike,Crowd Control (Radio Edit),2017,159428,4,0.54,0.953,11,-2.237,0,0.0809,0.0622,0.658,0.132,0.124,139.902,47
Higher Place,Dimitri Vegas & Like Mike,Higher Place,2020,174010,4,0.709,0.616,7,-6.253,1,0.0734,0.243,0.0000422,0.151,0.552,124.934,51
Instagram,Dimitri Vegas & Like Mike,Instagram,2019,184558,4,0.752,0.906,8,-2.097,0,0.102,0.125,0,0.423,0.95,95.997,58
Mammoth,Dimitri Vegas & Like Mike,Mammoth,2013,332289,4,0.645,0.85,11,-5.952,0,0.256,0.00105,0.302,0.364,0.471,127.997,61
Repeat After Me (AIR242),Dimitri Vegas & Like Mike,Armada Invites Radio 242 (Incl. Armada Trice Take-Over),2014,186250,4,0.368,0.953,6,-4.318,0,0.0774,0.00229,0.695,0.315,0.248,131.886,0
Thank You (Not So Bad),Dimitri Vegas & Like Mike,Thank You (Not So Bad),2018,140000,4,0.673,0.95,11,-5.149,1,0.0488,0.0229,0.0823,0.398,0.563,150.019,85
The House Of House,Dimitri Vegas & Like Mike,The House Of House,2013,267040,4,0.565,0.892,3,-5.221,0,0.0672,0.144,0.801,0.0385,0.0764,139.957,45
Tremor - Sensation 2014 Anthem,Dimitri Vegas & Like Mike,Gold Skies,2014,294466,4,0.631,0.939,6,-4.21,0,0.0363,0.000351,0.747,0.955,0.452,127.992,54
Waves (Tomorrowland 2014 Anthem),Dimitri Vegas & Like Mike,Waves (Tomorrowland 2014 Anthem),2014,206250,4,0.481,0.932,4,-4.456,0,0.205,0.00831,0.725,0.208,0.189,127.915,27
6th Gear (feat. Kstylis),Diplo,Random White Dude Be Everywhere,2015,211900,4,0.879,0.962,6,-2.634,1,0.193,0.00471,0.000902,0.0314,0.592,150.019,19
Be Right There,Diplo,Be Right There,2020,237051,4,0.695,0.797,7,-5.199,1,0.0548,0.00259,0.112,0.664,0.297,124.972,54
Express Yourself - Mochakk Remix,Diplo,Express Yourself (Mochakk Remix),2022,255000,4,0.902,0.541,1,-7.522,1,0.119,0.00233,0.945,0.0642,0.683,128.026,56
Get It Right,Diplo,Get It Right,2015,172500,4,0.464,0.833,0,-4.242,1,0.0981,0.108,0.0000171,0.0592,0.26,159.686,46
Revolution (feat. Faustix & Imanos and Kai),Diplo,Random White Dude Be Everywhere,2013,263716,4,0.634,0.724,5,-5.842,0,0.0546,0.00499,0.000193,0.0732,0.309,148.024,47
Set Me Free,Diplo,Set Me Free,2018,196009,4,0.61,0.956,5,-3.041,0,0.0752,0.0145,0.0000333,0.133,0.785,150,30
Help Me Lose My Mind,Disclosure,Settle - Deluxe,2013,244480,4,0.78,0.708,5,-5.692,0,0.0548,0.0395,0.0797,0.0516,0.347,109.021,60
Jaded,Disclosure,Caracal (Deluxe),2016,274749,4,0.801,0.857,6,-5.078,1,0.194,0.0111,0.00000375,0.0645,0.552,117.01,42
Latch,Disclosure,Settle - Deluxe,2012,255866,4,0.73,0.735,1,-5.451,1,0.0923,0.0176,0.000189,0.089,0.541,121.985,72
Magnets,Disclosure,Caracal (Deluxe),2015,199245,4,0.704,0.626,10,-7.883,0,0.164,0.0645,0.00000133,0.103,0.652,92.008,62
Omen,Disclosure,Caracal (Deluxe),2015,230250,4,0.723,0.678,8,-5.224,1,0.125,0.0614,0,0.372,0.633,106.011,58
When A Fire Starts To Burn,Disclosure,Settle - Deluxe,2013,284026,4,0.625,0.756,7,-6.955,1,0.231,0.00933,0.00131,0.324,0.673,123.948,47
White Noise,Disclosure,Settle - Deluxe,2012,277520,4,0.682,0.845,10,-6.17,0,0.0509,0.0102,0.000108,0.345,0.874,119.966,53
You & Me - Rivo Remix,Disclosure,You & Me (Rivo Remix),2015,208524,4,0.702,0.797,10,-6.635,0,0.0557,0.583,0.495,0.179,0.0356,122.011,84
Let Me Love You,DJ Snake,Encore,2016,205946,4,0.475,0.715,8,-5.371,1,0.058,0.0863,0.0000267,0.135,0.159,199.892,83
Loco Contigo (feat. J. Balvin & Tyga),DJ Snake,Carte Blanche,2019,185194,4,0.827,0.757,6,-2.985,0,0.0564,0.283,0.00000156,0.102,0.374,95.983,73
Magenta Riddim,DJ Snake,Carte Blanche,2018,194490,4,0.602,0.892,10,-3.66,0,0.0672,0.000393,0.816,0.304,0.57,102.047,60
Middle,DJ Snake,Encore,2016,220573,4,0.583,0.695,9,-5.336,1,0.0423,0.0138,0,0.0527,0.224,104.879,75
Paris (feat. GASHI),DJ Snake,Carte Blanche,2019,225000,4,0.621,0.623,10,-6.746,0,0.0373,0.228,0,0.11,0.226,128.04,38
"Taki Taki (with Selena Gomez, Ozuna & Cardi B)",DJ Snake,"Taki Taki (with Selena Gomez, Ozuna & Cardi B)",2018,212500,4,0.842,0.801,8,-4.167,0,0.228,0.157,0.00000482,0.0642,0.617,95.881,72
Teka (with Peso Pluma),DJ Snake,Teka (with Peso Pluma),2024,163809,4,0.863,0.744,1,-3.32,0,0.0879,0.014,0.0102,0.117,0.601,126.105,79
Turn Down for What,DJ Snake,Turn Down for What,2013,213733,4,0.818,0.799,1,-4.1,0,0.156,0.00107,0.128,0.057,0.0815,100.014,70
You Know You Like It,DJ Snake,You Know You Like It,2014,247266,4,0.407,0.725,5,-5.346,0,0.188,0.0141,0.00000246,0.306,0.247,196.093,70
Beyond the Fire,Don Diablo,Beyond the Fire,2019,228620,4,0.631,0.411,5,-11.26,0,0.0401,0.849,0.864,0.104,0.117,115.968,60
Children Of A Miracle - Don Diablo VIP Mix,Don Diablo,Children Of A Miracle (Don Diablo VIP Mix),2017,193487,4,0.467,0.932,3,-2.828,0,0.176,0.0995,0.000975,0.205,0.176,126.138,16
Cutting Shapes,Don Diablo,Past.Present.Future.,2015,179047,4,0.715,0.914,0,-3.87,1,0.214,0.0254,0,0.0961,0.565,125.826,50
Momentum,Don Diablo,Momentum,2018,169004,4,0.761,0.928,9,-2.895,0,0.0644,0.052,0.000387,0.0365,0.0398,126.071,38
On My Mind - Radio Edit,Don Diablo,Past.Present.Future.,2018,186885,4,0.578,0.941,3,-2.452,1,0.0901,0.00547,0.812,0.412,0.271,125.986,49
Save A Little Love,Don Diablo,FUTURE (Deluxe Edition),2018,202930,4,0.625,0.91,0,-2.583,0,0.109,0.0106,0,0.633,0.326,122.013,38
You Can't Change Me,Don Diablo,You Can't Change Me,2016,187185,4,0.548,0.929,3,-2.739,0,0.0545,0.29,0.319,0.0376,0.538,123.796,5
I Got U,Duke Dumont,EP1,2014,285596,4,0.636,0.761,9,-7.752,0,0.035,0.00377,0.00784,0.0851,0.463,120.837,60
Let Me Go,Duke Dumont,Duality,2015,366117,4,0.531,0.814,8,-5.8,1,0.0364,0.000245,0.335,0.121,0.0501,128.011,34
Melt,Duke Dumont,Blasé Boys Club (Pt. 1),2016,277093,4,0.711,0.513,0,-7.788,1,0.0395,0.0132,0.00223,0.0606,0.263,127.977,52
Need U (100%) (feat. A*M*E) - Radio Edit,Duke Dumont,Need U (100%) (feat. A*M*E) [Remixes],2013,174121,4,0.67,0.848,0,-5.103,0,0.0538,0.00172,0.00168,0.385,0.457,124.031,56
Ocean Drive,Duke Dumont,Ocean Drive,2015,206320,4,0.686,0.718,8,-5.054,0,0.0431,0.00637,0.000703,0.119,0.557,115.026,68
"Red Light Green Light - For Club Play Only, Pt. 6",Duke Dumont,"Red Light Green Light (For Club Play Only, Pt. 6)",2014,211208,4,0.811,0.825,2,-5.48,1,0.0654,0.000646,0.517,0.0689,0.95,124.005,58
The Giver (Reprise),Duke Dumont,The Giver (Reprise),2014,195756,4,0.463,0.928,4,-4.559,0,0.183,0.00187,0.0000176,0.321,0.641,122.742,39
Therapy,Duke Dumont,Duality,2016,220476,4,0.521,0.888,4,-5.645,0,0.0443,0.00247,0.00108,0.115,0.115,125.986,45
Won't Look Back,Duke Dumont,Won’t Look Back,2014,270135,4,0.697,0.879,8,-6.014,0,0.0456,0.00502,0.626,0.171,0.591,124.007,56
Angel (feat. Dante Leon),DVBBS,Angel (feat. Dante Leon),2019,209651,4,0.512,0.85,7,-4.956,0,0.0329,0.0247,0,0.334,0.331,128.031,32
Deja Vu (feat. Delora) - Radio Edit,DVBBS,Deja Vu (feat. Delora),2015,226362,4,0.539,0.865,5,-3.939,0,0.0406,0.019,0.0212,0.412,0.167,127.99,25
Need U,DVBBS,Nothing To See Here,2016,219520,4,0.713,0.705,10,-6.478,1,0.0999,0.292,0.000359,0.126,0.47,114.994,35
Raveology,DVBBS,Raveology,2014,262514,4,0.634,0.99,9,-3.035,1,0.0714,0.0164,0.785,0.0837,0.573,127.98,29
This Is Dirty,DVBBS,This Is Dirty,2013,295781,4,0.456,0.906,7,-1.406,0,0.0737,0.000263,0.899,0.0955,0.084,128.073,39
Tsunami,DVBBS,Tsunami,2012,236706,4,0.699,0.839,4,-5.353,0,0.0481,0.0483,0.655,0.0897,0.264,128.026,66
White Clouds,DVBBS,White Clouds,2013,289208,4,0.567,0.853,10,-3.822,0,0.0657,0.00137,0.0000536,0.277,0.506,127.949,23
Call On Me - Radio Edit,Eric Prydz,Call On Me,2004,169426,4,0.606,0.847,10,-5.96,1,0.403,0.00553,0.00169,0.819,0.483,126.257,60
Every Day,Eric Prydz,Opus,2015,434666,4,0.477,0.728,7,-5.978,0,0.0378,0.00298,0.26,0.124,0.0341,125.988,51
Generate,Eric Prydz,Opus,2016,431106,4,0.64,0.873,11,-5.142,1,0.0267,0.00813,0.0595,0.483,0.201,127,46
Liberate,Eric Prydz,Liberate,2014,313388,4,0.509,0.88,5,-5.47,1,0.0355,0.0021,0.837,0.661,0.459,127.005,46
Niton (The Reason),Eric Prydz,Niton (The Reason),2009,485200,4,0.522,0.843,11,-5.736,0,0.0309,0.00046,0.256,0.28,0.231,127.981,24
Opus,Eric Prydz,Opus,2016,543453,4,0.275,0.721,6,-6.222,0,0.0359,0.000702,0.821,0.0792,0.184,125.156,60
Pjanoo - Radio Edit,Eric Prydz,Pjanoo,2008,157426,4,0.604,0.878,7,-4.956,0,0.0295,0.000555,0.827,0.107,0.838,125.986,47
Proper Education - Radio Edit,Eric Prydz,Proper Education - EP,2007,198567,4,0.537,0.937,0,-4.543,1,0.0523,0.00102,0.035,0.0917,0.324,124.938,53
"Build It Up, Tear It Down",Fatboy Slim,You've Come A Long Way Baby,2004,305440,4,0.616,0.859,3,-10.941,0,0.11,0.00857,0.162,0.255,0.524,144.616,21
Don't Let The Man Get You Down,Fatboy Slim,The Greatest Hits: Why Try Harder,2004,198106,4,0.587,0.747,9,-3.822,1,0.069,0.238,0,0.188,0.626,84.772,30
Gangster Trippin,Fatboy Slim,You've Come A Long Way Baby,1998,320053,4,0.716,0.861,1,-8.631,1,0.072,0.0379,0.00322,0.149,0.745,101.731,35
Going Out Of My Head,Fatboy Slim,The Greatest Hits: Why Try Harder,1998,222840,4,0.583,0.958,0,-6.089,1,0.0546,0.000108,0.28,0.138,0.551,132.621,22
Kalifornia,Fatboy Slim,You've Come A Long Way Baby,1999,353400,4,0.786,0.986,9,-6.369,1,0.0539,0.0544,0.00755,0.476,0.908,131.642,24
Praise You,Fatboy Slim,You've Come A Long Way Baby,1999,323240,4,0.602,0.893,1,-8.641,1,0.0483,0.0957,0.27,0.171,0.528,109.716,56
"Right Here, Right Now",Fatboy Slim,You've Come A Long Way Baby,1999,387706,4,0.572,0.862,7,-8.065,1,0.101,0.0127,0.388,0.674,0.111,124.708,49
The Rockafeller Skank,Fatboy Slim,You've Come A Long Way Baby,1998,413880,4,0.665,0.991,7,-6.725,1,0.256,0.0117,0.00392,0.339,0.0676,152.596,52
Weapon Of Choice,Fatboy Slim,The Greatest Hits: Why Try Harder,2004,219813,4,0.626,0.947,8,-4.608,0,0.057,0.136,0.78,0.209,0.959,195.972,50
Wonderful Night - Radio Edit;; Explicit,Fatboy Slim,Wonderful Night,2004,166120,4,0.727,0.831,9,-7.383,1,0.0581,0.223,0,0.293,0.971,159.914,35
Drop The Game,Flume,Lockjaw,2013,221894,4,0.558,0.671,7,-4.984,1,0.0574,0.59,0.00018,0.171,0.432,78.93,65
Helix,Flume,Skin,2019,210247,3,0.479,0.733,5,-8.585,1,0.258,0.373,0.902,0.0653,0.0915,144.942,31
Holdin On,Flume,Flume,2016,154414,4,0.43,0.436,8,-4.818,1,0.118,0.172,0.00000102,0.128,0.21,90.033,55
HyperParadise - Flume Remix,Flume,Flume: Deluxe Edition,2013,266527,4,0.585,0.838,6,-7.711,1,0.0904,0.0594,0.37,0.086,0.344,145.001,48
Never Be Like You (feat. Kai),Flume,Skin,2016,234909,4,0.448,0.59,0,-4.359,1,0.0577,0.446,0,0.14,0.264,119.834,66
On Top (feat. T-Shirt),Flume,Flume,2016,231106,4,0.517,0.757,6,-5.423,1,0.232,0.0097,0.0000553,0.145,0.308,92.533,50
Rushing Back (feat. Vera Blue),Flume,Rushing Back (feat. Vera Blue),2019,231663,3,0.574,0.611,0,-4.744,1,0.0763,0.357,0,0.158,0.375,136.047,60
Say It - Illenium Remix,Flume,Skin: The Remixes,2019,267200,4,0.487,0.768,6,-4.473,1,0.0545,0.0343,0.00496,0.0953,0.426,149.681,57
Sleepless feat. Jezzabell Doran,Flume,Flume,2016,209376,4,0.53,0.689,9,-7.482,0,0.173,0.0341,0.0000504,0.0886,0.394,175.132,54
The Difference,Flume,The Difference,2020,139662,4,0.56,0.865,1,-1.148,1,0.0907,0.258,0.000162,0.083,0.424,159.963,69
Bass Cannon,Flux Pavilion,Bass Cannon,2011,309546,4,0.674,0.883,6,-3.936,1,0.0408,0.00179,0.929,0.671,0.0397,139.974,45
Better Off,Flux Pavilion,Better Off,2017,176145,4,0.648,0.955,9,-3.665,1,0.0449,0.00271,0.895,0.212,0.394,143.09,48
Daydreamer (feat. Example) - Radio Edit,Flux Pavilion,Daydreamer (feat. Example),2017,212973,4,0.539,0.914,9,-5.786,0,0.0345,0.00219,0.0806,0.199,0.432,141.349,33
Do or Die (feat. Childish Gambino),Flux Pavilion,Blow the Roof,2015,245090,4,0.624,0.83,11,-5.018,0,0.121,0.000242,0.000014,0.306,0.432,145.146,43
Got 2 Know,Flux Pavilion,Got 2 Know / Normalize,2013,350098,4,0.646,0.757,7,-4.802,0,0.0312,0.0109,0.701,0.128,0.467,139.933,36
I Can't Stop,Flux Pavilion,I Can't Stop,2010,305785,4,0.524,0.601,0,-13.399,0,0.0335,0.00108,0.601,0.398,0.314,139.972,53
OneTwoThree - Make Your Body Wanna,Flux Pavilion,Blow the Roof,2015,248748,4,0.67,0.797,5,-4.661,1,0.0436,7.91E-05,0.217,0.084,0.175,140.081,21
Starlight,Flux Pavilion,Blow the Roof,2012,250951,4,0.501,0.869,1,-5.113,0,0.0296,0.00349,0.161,0.0578,0.067,140.006,27
Survive,Flux Pavilion,.Wav,2019,201624,4,0.549,0.85,8,-8.391,1,0.0398,0.0513,0.0000934,0.291,0.669,150.031,29
BANG BANG! (My Neurodivergent Anthem),Galantis,Pop Sanctuary,2022,167090,4,0.744,0.745,6,-6.341,1,0.0594,0.0114,0.00415,0.0762,0.587,124.025,0
Emoji,Galantis,Emoji,2019,151829,4,0.713,0.71,5,-3.792,1,0.0435,0.0181,0.00000878,0.151,0.304,121.935,33
Firebird,Galantis,Pharmacy,2016,248280,4,0.547,0.878,3,-4.245,1,0.0485,0.00145,0.344,0.336,0.405,128.018,44
Gold Dust,Galantis,Pharmacy,2015,234254,4,0.242,0.746,2,-4.496,1,0.0361,0.00635,0.00397,0.107,0.128,127.997,44
Hunter - Galantis & Misha K VIP Remix,Galantis,Hunter (Remixes),2016,174962,4,0.686,0.802,9,-4.81,0,0.0541,0.251,0.0000493,0.0773,0.786,104.992,33
In My Head,Galantis,Pharmacy,2019,221065,4,0.548,0.895,0,-2.794,1,0.0392,0.00622,0.0184,0.108,0.616,127.829,44
Love on Me,Galantis,The Aviary,2016,205026,4,0.485,0.91,9,-2.096,1,0.0977,0.113,0,0.138,0.649,124.18,52
No Money,Galantis,No Money,2016,189126,4,0.671,0.916,6,-4.014,0,0.0397,0.0282,0.00762,0.24,0.803,126.01,65
Peanut Butter Jelly,Galantis,Pharmacy,2015,203133,4,0.708,0.945,5,-3.247,0,0.234,0.00104,0.0803,0.227,0.545,127.96,64
Runaway (U & I),Galantis,Pharmacy,2014,227073,4,0.506,0.805,1,-4.119,1,0.0469,0.00711,0.00193,0.0856,0.383,126.008,76
All That You Need (feat. Caroline Byrne),Gorgon City,Breathe You In (feat. NORTH),2015,177546,4,0.663,0.924,3,-4.558,0,0.038,0.0395,0.121,0.151,0.639,128.005,28
Are You Feeling It Too?,Gorgon City,Reverie,2016,270333,4,0.636,0.816,2,-6.101,0,0.0404,0.0116,0.345,0.104,0.0954,127.993,52
Dreaming,Gorgon City,Reverie,2015,220680,4,0.865,0.726,0,-5.803,0,0.0447,0.0065,0.647,0.0965,0.57,126.036,56
Never Let Me Down,Gorgon City,Olympia,2018,185133,4,0.706,0.824,1,-7.036,1,0.133,0.0547,0.00162,0.0448,0.536,123.965,38
Voodoo,Gorgon City,Salvation,2014,214120,4,0.661,0.885,6,-6.575,0,0.0577,0.201,0.748,0.155,0.224,129.019,63
Waiting For The Right Time,Gorgon City,Olympia,2020,299293,4,0.696,0.94,7,-5.279,1,0.0498,0.154,0.8,0.0803,0.325,123.974,27
You've Done Enough,Gorgon City,You’ve Done Enough,2016,213546,4,0.685,0.791,0,-6.628,1,0.0337,0.016,0.153,0.703,0.539,125.052,49
A Fine Way to Die,GRiZ,Say It Loud,2020,400982,4,0.683,0.781,7,-5.324,0,0.0467,0.00534,0.00163,0.0661,0.7,102.985,37
Good Times Roll,GRiZ,Good Will Prevail,2016,244828,4,0.677,0.874,1,-5.445,1,0.129,0.0219,0.00738,0.973,0.58,100.012,44
SAXORiDDiM,GRiZ,SAXORiDDiM,2019,188571,4,0.539,0.952,10,-1.764,0,0.215,0.0201,0.1,0.799,0.404,140.066,47
The Anthem,GRiZ,Say It Loud,2016,289476,4,0.677,0.812,2,-5.171,1,0.0476,0.00402,0.000284,0.265,0.319,102.983,29
All You Need To Know (feat. Calle Lehmann) - SampliFire & Ivory Remix,Gryffin,All You Need To Know (feat. Calle Lehmann) [The Remixes],2019,220389,4,0.614,0.949,6,-1.829,0,0.388,0.0332,0.00000926,0.97,0.405,150.17,16
Bye Bye (feat. Ivy Adara),Gryffin,Gravity,2020,210351,4,0.612,0.781,4,-3.601,1,0.0931,0.00548,0,0.174,0.54,148.017,49
Colors (with Eyelar),Gryffin,Alive,2018,231832,4,0.258,0.783,0,-4.129,1,0.0612,0.0289,0.00000125,0.0705,0.145,174.037,41
Feel Good (with Daya),Gryffin,Feel Good (with Daya),2018,248156,4,0.625,0.707,2,-4.761,1,0.0337,0.22,0,0.213,0.479,138.064,63
Heading Home,Gryffin,Heading Home,2014,271146,4,0.582,0.914,11,-4.097,1,0.0573,0.0119,0.000408,0.201,0.268,118.076,47
Love In Ruins (feat. Sinead Harnett),Gryffin,Love In Ruins (feat. Sinead Harnett),2019,258558,4,0.531,0.771,11,-4.618,0,0.0513,0.0727,0.000015,0.181,0.396,122.035,40
Need Your Love (with Noah Kahan),Gryffin,Gravity,2022,205786,4,0.581,0.76,0,-3.962,1,0.0406,0.16,0,0.183,0.523,104.099,57
Remember (with ZOHARA),Gryffin,Gravity,2018,221129,4,0.619,0.902,11,-4.157,0,0.0562,0.0953,0.0405,0.216,0.504,123.002,49
Tie Me Down (with Elley Duhé),Gryffin,Tie Me Down (with Elley Duhé),2019,218295,4,0.548,0.839,6,-2.371,1,0.0644,0.135,0,0.102,0.314,98.932,58
Winnebago (feat. Quinn XCII & Daniel Wilson),Gryffin,Winnebago (feat. Quinn XCII & Daniel Wilson),2018,179936,4,0.654,0.886,4,-2.808,1,0.0417,0.106,0.00000917,0.161,0.704,147.959,47
Apollo,Hardwell,I Am Hardwell (Original Soundtrack),2012,209765,4,0.552,0.742,6,-6.122,0,0.0683,0.015,0.0124,0.639,0.274,128.076,53
Countdown - Original Mix,Hardwell,Countdown,2011,278437,4,0.758,0.977,7,-2.703,1,0.0979,0.0681,0.891,0.0778,0.207,128.015,34
Dare You (feat. Matthew Koma) - Radio Edit,Hardwell,Dare You (Radio Edit) (feat. Matthew Koma),2014,218440,4,0.456,0.89,9,-4.304,1,0.0463,0.0169,0,0.0901,0.165,127.894,31
Echo (feat. Jonathan Mendelsohn),Hardwell,United We Are,2015,308307,4,0.625,0.942,1,-4.167,0,0.0438,0.00215,0.263,0.0944,0.121,129.975,31
Everybody Is In The Place,Hardwell,Everybody Is In The Place,2016,171696,4,0.607,0.989,2,-3.513,1,0.0866,0.000438,0.209,0.0715,0.0355,130.05,25
Mad World,Hardwell,Mad World,2013,210703,4,0.471,0.876,5,-3.238,1,0.035,0.00632,0.00000268,0.245,0.25,128.065,43
Run Wild,Hardwell,10's Best Dance Top 50 (Volume 1),2014,245538,4,0.485,0.904,4,-4.645,0,0.0555,0.000761,0.000562,0.253,0.116,130.095,39
Spaceman,Hardwell,Spaceman,2012,183648,4,0.403,0.73,3,-3.512,0,0.0662,0.000272,0.714,0.256,0.249,127.983,42
XTC,Hardwell,XTC,2019,176571,4,0.493,0.96,7,-6.486,1,0.0812,0.00141,0.253,0.0878,0.069,140.065,56
Colors (feat. Tatu),Headhunterz,Colors (feat. Tatu),2013,202400,4,0.53,0.937,5,-3.397,0,0.0466,0.0303,0.000128,0.151,0.546,149.991,45
Dragonborn part 3 (Oceans Apart),Headhunterz,Dragonborn part 3 (Oceans Apart) [feat. Sian Evans],2013,210163,4,0.244,0.692,9,-6.225,0,0.0536,0.00356,0.00000875,0.12,0.0993,149.673,44
From Within - Original Mix,Headhunterz,From Within / The Message Is Hardstyle,2012,361870,4,0.61,0.918,3,-4.464,1,0.137,0.00321,0.0208,0.195,0.75,74.994,23
Psychedelic,Headhunterz,Studio Sessions,2014,267203,4,0.543,0.951,7,-4.826,0,0.0721,0.0337,0.0168,0.207,0.261,150.001,37
The Power of the Mind (Qlimax Anthem 2007),Headhunterz,The Power of the Mind (Qlimax Anthem 2007),2007,328810,4,0.58,0.942,9,-9.915,1,0.157,0.0326,0.0323,0.221,0.113,149.963,35
The Sacrifice,Headhunterz,The Best of Headhunterz,2013,342620,4,0.654,0.853,2,-4.661,1,0.101,0.119,0.379,0.143,0.0632,141.963,30
Tonight - Alpha2 RMX,Headhunterz,Tonight (Alpha2 RMX),2012,358400,4,0.468,0.942,6,-2.646,0,0.0913,0.0723,0.00175,0.086,0.294,150.047,36
We Control The Sound,Headhunterz,We Control The Sound,2011,329342,4,0.385,0.929,2,-4.332,1,0.194,0.00158,0.69,0.109,0.247,130.103,25
Crawl Outta Love,ILLENIUM,Awake,2017,242011,4,0.377,0.723,7,-2.951,1,0.046,0.181,0,0.0815,0.167,84.139,59
Fractures,ILLENIUM,Awake,2016,245250,4,0.406,0.711,4,-3.064,1,0.0436,0.373,0.00195,0.139,0.268,159.862,59
Good Things Fall Apart (with Jon Bellion),ILLENIUM,ASCEND,2019,216668,4,0.643,0.603,2,-5.416,1,0.0311,0.012,0,0.118,0.42,144.01,61
Hearts on Fire,ILLENIUM,Hearts on Fire,2017,236317,3,0.365,0.765,1,-4.449,1,0.0416,0.0088,0.00000206,0.0959,0.241,179.955,47
Other Side,ILLENIUM,ILLENIUM,2017,211592,4,0.537,0.753,1,-3.351,0,0.082,0.512,0.000244,0.3,0.331,81.929,53
Psycho,Infected Mushroom,Retrodelic Vibes 9,2014,530088,4,0.681,0.827,7,-9.851,1,0.0688,0.000193,0.862,0.311,0.187,145.027,28
The Gathering,Infected Mushroom,The Gathering,2014,463600,4,0.669,0.892,1,-9.333,1,0.0528,0.00405,0.486,0.139,0.4,142.01,16
The Messenger 2012,Infected Mushroom,Army of Mushrooms,2012,637999,4,0.266,0.893,4,-5.925,0,0.0753,0.0418,0.87,0.304,0.189,170.03,16
Where Do I Belong,Infected Mushroom,Friends on Mushrooms (Deluxe Edition),2012,206506,4,0.698,0.833,5,-3.971,0,0.231,0.522,0.00000188,0.165,0.955,167.999,40
Don't Do Drugs Just Take Some Jack Ü,Jack Ü,Skrillex and Diplo present Jack Ü,2015,125000,4,0.374,0.815,7,-6.894,1,0.0757,0.781,0,0.117,0.125,113.129,33
Febreze (feat. 2 Chainz),Jack Ü,Skrillex and Diplo present Jack Ü,2015,214400,4,0.68,0.983,2,-3.51,1,0.333,0.0184,0,0.289,0.263,149.829,46
Holla Out (feat. Snails & Taranchyla),Jack Ü,Skrillex and Diplo present Jack Ü,2015,256000,4,0.639,0.989,6,-2.842,0,0.497,0.1,0,0.678,0.382,149.983,40
Jungle Bae (feat. Bunji Garlin & MX Prime),Jack Ü,Skrillex and Diplo present Jack Ü,2015,208125,4,0.744,0.997,2,-1.325,1,0.13,0.0304,0.00256,0.0737,0.558,127.975,46
Mind (feat. Kai),Jack Ü,Skrillex and Diplo present Jack Ü,2015,242068,4,0.502,0.777,1,-4.627,1,0.0934,0.117,0.00000291,0.0957,0.356,174.153,60
Take Ü There (feat. Kiesza),Jack Ü,Skrillex and Diplo present Jack Ü,2014,210000,4,0.542,0.879,6,-1.427,0,0.0921,0.0523,0,0.171,0.118,159.888,54
Where Are Ü Now (with Justin Bieber),Jack Ü,Skrillex and Diplo present Jack Ü,2015,250285,4,0.432,0.781,4,-4.038,0,0.0567,0.041,0.00000421,0.0789,0.197,139.432,74
Higher for Your Love,Jauz,Higher for Your Love,2018,171034,4,0.484,0.872,1,-5.063,1,0.0564,0.00358,0.29,0.177,0.104,174.083,46
Lights Go Out,Jauz,Rise of The Wise,2017,186666,4,0.653,0.942,11,-4.399,0,0.0416,0.00493,0.0543,0.112,0.24,125.994,47
"Audio, Video, Disco.",Justice,"Audio, Video, Disco.",2011,292360,4,0.382,0.844,9,-7.148,1,0.0381,0.00348,0.392,0.362,0.173,152.028,42
Civilization,Justice,Civilization,2011,250825,4,0.575,0.625,9,-5.296,0,0.0345,0.00145,0,0.0817,0.282,111.984,41
D.A.N.C.E,Justice,Justice,2007,242266,4,0.613,0.962,6,-5.07,0,0.278,0.034,0,0.824,0.496,113.015,66
Genesis,Justice,Justice,2007,234960,4,0.693,0.789,9,-5.13,1,0.384,0.0168,0.366,0.0985,0.283,117.055,60
New Lands (Live / AAA),Justice,Access All Arenas,2012,271429,4,0.577,0.818,4,-5.085,1,0.0378,0.0411,0.000662,0.825,0.446,126.906,22
Phantom Pt. II,Justice,Justice,2008,200826,4,0.619,0.726,7,-6.422,1,0.125,0.00231,0.766,0.652,0.424,116.966,52
Randy,Justice,Woman,2003,398193,4,0.615,0.668,2,-5.343,1,0.027,0.000975,0.0000945,0.282,0.158,100.453,39
Stress,Justice,Justice,2008,298586,4,0.518,0.932,10,-4.854,0,0.134,0.00297,0.881,0.268,0.279,126.94,49
Waters of Nazareth,Justice,Justice,2007,265173,4,0.603,0.835,2,-5.097,1,0.0755,5.15E-05,0.94,0.546,0.0362,123.929,45
A Little More (feat. Sansa),Kaskade,Automatic,2020,233400,4,0.425,0.742,11,-5.098,0,0.0386,0.00772,0.00077,0.112,0.215,127.978,37
Angel On My Shoulder,Kaskade,Strobelite Seduction,2017,227453,4,0.572,0.631,9,-7.522,0,0.0416,0.00379,0.00000267,0.102,0.155,125.977,40
Atmosphere,Kaskade,Atmosphere,2012,231427,4,0.588,0.757,3,-4.616,1,0.0402,0.0225,0.00000459,0.0741,0.472,122.975,43
Disarm You (feat. Ilsey),Kaskade,Automatic,2015,221133,4,0.446,0.793,5,-3.912,0,0.0556,0.0434,0.0000414,0.159,0.313,127.799,48
Dynasty (feat. Haley) (feat. Haley),Kaskade,Dynasty,2015,196426,4,0.618,0.784,2,-3.324,0,0.0366,0.0134,0,0.141,0.771,128.021,24
Move For Me,Kaskade,Strobelite Seduction,2008,237386,4,0.654,0.75,1,-6.068,1,0.0322,0.069,0.000901,0.0987,0.213,128.035,49
Sorry - Dirty South Radio Edit,Kaskade,Sorry,2011,211266,4,0.702,0.783,0,-7.307,1,0.0779,0.00282,0.00842,0.296,0.665,127.032,29
Step One Two,Kaskade,Strobelite Seduction,2011,200280,4,0.741,0.757,11,-6.997,0,0.0435,0.0426,0.0115,0.107,0.566,127.976,33
Bonfire,Knife Party,Rage Valley,2012,272077,4,0.536,0.944,1,-3.029,1,0.0867,0.000117,0.00345,0.353,0.589,174.031,59
Centipede,Knife Party,Rage Valley,2012,246770,4,0.507,0.951,1,-3.71,1,0.0654,0.000203,0.478,0.417,0.0628,140.077,50
Destroy Them with Lasers,Knife Party,Gamerz: Electronic,2014,296014,4,0.569,0.998,10,-4.154,0,0.0595,5.37E-05,0.921,0.217,0.196,127.991,6
EDM Death Machine,Knife Party,Haunted House,2015,263087,4,0.661,0.95,9,-3.417,1,0.131,0.000802,0.452,0.116,0.301,128.03,37
Fire Hive,Knife Party,100% No Modern Talking,2014,278361,4,0.686,0.98,1,-2.966,0,0.228,0.000304,0.703,0.171,0.614,140.054,41
Internet Friends,Knife Party,100% No Modern Talking,2011,301122,4,0.64,0.903,5,-3.042,0,0.185,0.00105,0.0503,0.171,0.152,128.079,56
LRAD,Knife Party,Haunted House,2014,315140,4,0.755,0.889,5,-2.587,0,0.0627,0.00188,0.863,0.047,0.186,127.999,48
Power Glove,Knife Party,Haunted House,2014,261244,4,0.674,0.953,1,-2.895,1,0.0835,0.000105,0.151,0.498,0.38,127.977,45
Alive,Krewella,Play Hard EP,2013,290760,4,0.663,0.822,9,-2.909,1,0.0557,0.00413,0.00318,0.234,0.567,128.002,52
Enjoy the Ride,Krewella,Get Wet,2015,211693,4,0.556,0.873,1,-1.145,1,0.164,0.237,0.00000263,0.078,0.485,127.993,46
Ghost,Krewella,zer0,2014,186965,4,0.67,0.878,1,-3.208,0,0.054,0.00672,0.000359,0.305,0.498,95.041,35
Human,Krewella,Get Wet,2019,195533,4,0.521,0.808,4,-3.852,0,0.0526,0.0363,0,0.227,0.198,140.077,40
Live for the Night,Krewella,Get Wet,2013,206480,4,0.499,0.843,6,-2.224,1,0.113,0.0138,0,0.124,0.533,127.932,47
Love Outta Me,Krewella,New World Pt. 1,2018,208544,4,0.582,0.715,1,-3.489,0,0.0561,0.256,0.0000437,0.285,0.108,160.022,26
Somewhere to Run,Krewella,Somewhere to Run,2019,222080,4,0.507,0.93,3,-1.015,1,0.0803,0.21,0.000455,0.362,0.568,111.899,34
Bazaar - Official Sunburn Goa 2015 Anthem,KSHMR,Bazaar (Official Sunburn Goa 2015 Anthem),2015,172500,4,0.582,0.979,11,-2.492,0,0.0714,0.125,0.00152,0.339,0.196,128.01,45
House Of Cards (feat. Sidnie Tipton),KSHMR,House Of Cards (feat. Sidnie Tipton),2015,188651,4,0.556,0.817,9,-4.442,0,0.0737,0.0195,0.0000245,0.266,0.423,109.999,30
JAMMU,KSHMR,JAMMU,2016,235763,4,0.641,0.633,4,-4.889,0,0.0546,0.00414,0.0116,0.11,0.152,128.013,30
Memories (feat. Sirah) - Radio Edit,KSHMR,Memories (feat. Sirah) [Radio Edit],2015,185639,4,0.519,0.731,8,-5.009,0,0.0504,0.0359,0.0000133,0.784,0.301,128.066,45
Satisfaction,KSHMR,Satisfaction,2015,213230,4,0.586,0.988,9,-3.009,0,0.0591,0.00542,0.812,0.35,0.298,129.996,51
Touch (feat. Madi),KSHMR,The Lion Across The Field,2016,198595,4,0.586,0.863,6,-5.067,0,0.0409,0.037,0.0000562,0.108,0.441,97.019,31
Wildcard (feat. Sidnie Tipton),KSHMR,Wildcard (feat. Sidnie Tipton),2017,189375,4,0.591,0.835,4,-3.398,0,0.0977,0.0998,0,0.148,0.472,127.931,49
Born To Be Yours,Kygo,Born To Be Yours,2018,193320,4,0.688,0.688,3,-5.84,1,0.0357,0.3,0,0.0982,0.451,114.011,60
Firestone,Kygo,Cloud Nine,2015,271640,4,0.704,0.634,11,-7.374,0,0.0428,0.393,0.0000317,0.0952,0.411,113.927,78
First Time,Kygo,First Time,2016,193511,4,0.633,0.592,0,-7.245,0,0.112,0.197,0,0.099,0.679,90.066,63
Happy Now,Kygo,Happy Now,2018,211362,4,0.693,0.575,9,-6.998,1,0.0801,0.374,0,0.252,0.492,117.999,65
Higher Love,Kygo,Higher Love,2019,228267,4,0.693,0.678,8,-7.159,1,0.0324,0.0151,0.00000571,0.101,0.404,103.952,72
How Would I Know,Kygo,Golden Hour,2020,180700,4,0.514,0.539,7,-9.332,1,0.105,0.538,0.00233,0.108,0.153,123.7,43
It Ain’t Me (with Selena Gomez),Kygo,It Ain't Me,2017,220780,4,0.64,0.533,0,-6.596,1,0.0706,0.119,0,0.0864,0.515,99.968,66
Remind Me to Forget,Kygo,Remind Me to Forget,2018,217286,4,0.685,0.508,0,-6.4,1,0.0987,0.193,0,0.139,0.315,99.063,60
Stay (feat. Maty Noyes),Kygo,Cloud Nine,2016,239465,4,0.648,0.736,8,-7.948,1,0.0385,0.0444,0.000137,0.171,0.378,103.027,61
Stole the Show,Kygo,Cloud Nine,2015,223186,4,0.64,0.635,8,-7.565,0,0.226,0.271,0,0.319,0.475,100.034,78
All Or Nothing (feat. Axel Ehnström),Lost Frequencies,Less Is More,2016,157493,4,0.773,0.775,11,-6.877,0,0.0439,0.248,0.0278,0.107,0.173,125.971,33
Are You With Me - Radio Edit,Lost Frequencies,Less Is More,2014,138013,4,0.763,0.608,5,-8.1,0,0.035,0.262,0.000025,0.12,0.393,121.02,69
Beautiful Life (feat. Sandro Cavazza),Lost Frequencies,Less Is More,2016,161906,4,0.725,0.523,2,-6.494,0,0.0373,0.141,0.034,0.162,0.326,120,48
Crazy,Lost Frequencies,Crazy,2016,153391,4,0.765,0.762,11,-5.069,0,0.123,0.42,0.0000858,0.104,0.444,114.975,69
Here with You,Lost Frequencies,Less Is More (Deluxe),2021,159545,4,0.431,0.774,6,-6.887,1,0.0862,0.00804,0.000176,0.135,0.105,86.707,34
Like I Love You,Lost Frequencies,Alive And Feeling Fine,2019,190173,4,0.863,0.588,1,-7.141,1,0.0847,0.142,0.0000342,0.457,0.751,117.911,49
Melody,Lost Frequencies,Alive And Feeling Fine,2019,149008,4,0.673,0.663,0,-8.472,1,0.0491,0.127,0,0.455,0.368,120.041,53
Reality (feat. Janieck Devy) - Radio Edit,Lost Frequencies,Less Is More,2015,159480,4,0.714,0.697,1,-7.887,0,0.032,0.0197,0.000002,0.0697,0.602,122.145,66
Rise,Lost Frequencies,Rise,2016,193018,4,0.689,0.612,6,-6.014,1,0.0387,0.228,0.00000777,0.368,0.461,122.076,61
Where Are You Now,Lost Frequencies,All Stand Together,2020,149066,4,0.762,0.632,6,-8.312,0,0.085,0.51,0.000205,0.18,0.282,121.031,83
Better Not (with Wafia),Louis The Child,Kids At Play- EP,2018,222865,4,0.783,0.537,9,-2.921,1,0.0795,0.278,0,0.229,0.393,113.988,60
Fire,Louis The Child,Fire,2018,205617,4,0.386,0.714,6,-5.597,0,0.381,0.263,0,0.233,0.289,89.807,48
It's Strange (feat. K.Flay),Louis The Child,It's Strange (feat. K.Flay),2016,245581,4,0.837,0.492,0,-7.792,1,0.354,0.371,0.0401,0.102,0.417,85.951,53
Little Things (with Quinn XCII & Chelsea Cutler),Louis The Child,Here For Now,2018,197453,4,0.553,0.636,6,-4.38,1,0.152,0.189,0,0.0779,0.53,81.969,50
Love Is Alive,Louis The Child,Love Is Alive,2017,170610,4,0.676,0.5,8,-6.878,1,0.0412,0.701,0,0.596,0.915,97.863,48
Shake Something (feat. Joey Purp),Louis The Child,Shake Something (feat. Joey Purp),2020,193512,4,0.895,0.525,10,-7.969,0,0.186,0.0925,0.00552,0.585,0.202,87.999,45
Slow Down Love (feat. Chelsea Cutler),Louis The Child,Love Is Alive,2019,157891,4,0.639,0.59,11,-7.752,0,0.352,0.556,0.0000338,0.208,0.287,127.751,52
Weekend,Louis The Child,Weekend,2019,175058,4,0.684,0.774,7,-5.951,1,0.188,0.26,0,0.108,0.448,84.991,50
Finale (feat. Nicholas Petricca),Madeon,Adventure (Deluxe),2015,204853,4,0.417,0.859,7,-3.169,0,0.0484,0.00612,0.00000241,0.175,0.179,92.078,44
Icarus,Madeon,Adventure (Deluxe),2015,214653,4,0.479,0.829,1,-2.284,0,0.0514,0.000208,0.365,0.12,0.146,126.104,41
Imperium,Madeon,Adventure (Deluxe),2015,198853,4,0.647,0.946,1,-1.72,1,0.0767,0.000122,0.0355,0.158,0.452,110.017,36
No Fear No More (Remix),Madeon,No Fear No More (Remix),2016,174682,4,0.599,0.635,10,-6.5,0,0.103,0.00988,0.0000639,0.368,0.798,95.919,45
Pay No Mind (feat. Passion Pit),Madeon,Adventure (Deluxe),2015,249440,4,0.546,0.852,1,-2.445,1,0.102,0.00592,0,0.159,0.558,112.183,45
Technicolor,Madeon,Adventure (Deluxe),2015,385413,4,0.535,0.809,2,-3.382,0,0.0385,0.000232,0.25,0.106,0.0662,127.027,37
The City,Madeon,Adventure (Deluxe),2015,233986,4,0.52,0.825,7,-2.171,0,0.046,0.00162,0,0.711,0.264,125.011,44
You're On (feat. Kyan),Madeon,Adventure (Deluxe),2012,192720,4,0.49,0.914,10,-3.202,1,0.167,0.0227,0,0.793,0.241,100.1,48
Be Together,Major Lazer,Peace Is The Mission,2015,233010,4,0.494,0.627,6,-6.141,0,0.0324,0.00142,0,0.619,0.197,79.961,49
Blow That Smoke,Major Lazer,Blow That Smoke (Remixes),2018,223000,4,0.719,0.702,5,-4.93,0,0.0392,0.032,0.0000107,0.0656,0.72,101.982,37
Cold Water,Major Lazer,Cold Water,2016,185360,4,0.608,0.798,6,-5.092,0,0.0432,0.0736,0,0.156,0.5,92.946,66
Hold The Line,Major Lazer,Guns Don't Kill People... Lazers Do,2017,219560,4,0.68,0.835,4,-5.632,1,0.292,0.722,0.0149,0.112,0.678,155.924,31
Know No Better,Major Lazer,Major Lazer Essentials,2017,225849,4,0.739,0.814,7,-4.414,0,0.1,0.133,0.00000983,0.126,0.483,119.041,59
Lean On,Major Lazer,Peace Is The Mission,2015,176561,4,0.723,0.809,7,-3.081,0,0.0625,0.00346,0.00123,0.565,0.274,98.007,75
Light It Up (Remix),Major Lazer,Peace Is The Mission (Extended),2016,166138,4,0.747,0.877,9,-3.782,0,0.0668,0.0385,0.00089,0.233,0.751,107.989,67
Pon De Floor,Major Lazer,Guns Don't Kill People... Lazers Do,2009,213920,4,0.884,0.962,0,-4.625,1,0.198,0.00337,0.436,0.0983,0.238,126.985,40
Run Up,Major Lazer,Major Lazer Essentials,2016,203180,4,0.804,0.743,1,-3.602,0,0.0678,0.104,0.00000214,0.0989,0.675,108.004,51
Watch Out For This (Bumaye),Major Lazer,Free The Universe (Extended Version),2013,269146,4,0.819,0.759,10,-4.114,0,0.146,0.0193,0.00000689,0.0613,0.884,108.029,54
Alone,Marshmello,Alone,2019,273802,4,0.631,0.953,2,-3.739,1,0.0343,0.0241,0.0155,0.108,0.422,141.99,69
FRIENDS,Marshmello,FRIENDS,2018,202620,4,0.626,0.88,9,-2.384,0,0.0504,0.205,0,0.128,0.534,95.079,75
Happier,Marshmello,Happier,2018,214289,4,0.687,0.792,5,-2.749,1,0.0452,0.191,0,0.167,0.671,100.011,83
Here With Me,Marshmello,Here With Me,2019,156346,4,0.791,0.565,5,-3.933,0,0.0439,0.0623,0,0.156,0.181,99.961,73
Leave Before You Love Me (with Jonas Brothers),Marshmello,Leave Before You Love Me,2021,154983,4,0.721,0.738,7,-4.77,1,0.0403,0.00226,0.00000441,0.118,0.637,119.976,79
One Thing Right,Marshmello,One Thing Right,2019,181823,4,0.659,0.625,4,-2.253,1,0.045,0.0644,0,0.582,0.442,88.042,69
Rescue Me,Marshmello,Joytime III,2019,237203,4,0.433,0.905,11,-2.171,1,0.101,0.00803,0,0.337,0.375,148.149,58
Spotlight,Marshmello,Spotlight,2018,177600,4,0.546,0.822,7,-4.483,1,0.151,0.0145,0,0.742,0.615,150.06,70
Animals,Martin Garrix,Gold Skies,2013,303773,4,0.676,0.865,1,-6.381,1,0.0389,0.00105,0.648,0.382,0.0372,128.006,57
Don't Look Down (feat. Usher),Martin Garrix,Don't Look Down (feat. Usher),2016,223139,4,0.575,0.831,0,-5.972,1,0.0356,0.00406,0.000449,0.111,0.377,127.991,62
Forbidden Voices,Martin Garrix,Forbidden Voices,2012,230634,4,0.534,0.711,10,-5.927,0,0.0368,0.05,0.0031,0.135,0.3,128.102,57
High On Life (feat. Bonn),Martin Garrix,High On Life (feat. Bonn),2017,230761,4,0.414,0.486,6,-6.431,0,0.0311,0.0129,0,0.111,0.368,128.038,68
In the Name of Love,Martin Garrix,In the Name of Love,2016,195706,4,0.501,0.519,4,-5.88,0,0.0409,0.109,0,0.454,0.168,133.99,78
No Sleep (feat. Bonn),Martin Garrix,No Sleep (feat. Bonn),2016,207094,4,0.44,0.635,11,-6.385,1,0.0326,0.129,0,0.121,0.327,128.133,58
Ocean (feat. Khalid),Martin Garrix,Ocean (feat. Khalid),2018,216419,4,0.506,0.693,0,-7.265,0,0.0412,0.584,0.0000958,0.0891,0.221,139.912,66
Scared to Be Lonely,Martin Garrix,Scared to Be Lonely,2017,220883,4,0.584,0.54,1,-7.786,0,0.0576,0.0895,0,0.261,0.195,137.972,79
So Far Away (feat. Jamie Scott & Romy Dya),Martin Garrix,So Far Away (feat. Jamie Scott & Romy Dya),2017,183636,4,0.526,0.52,6,-7.985,0,0.0569,0.435,0,0.197,0.13,149.119,63
There for You,Martin Garrix,There for You,2017,221904,4,0.611,0.644,6,-7.607,0,0.0553,0.124,0,0.124,0.13,105.969,64
Hello,Martin Solveig,Smash (Deluxe),2010,281429,4,0.665,0.93,3,-4.201,1,0.0314,0.0257,0.012,0.054,0.461,127.979,48
Hello (feat. Dragonette),Martin Solveig,Hello,2010,191387,4,0.665,0.975,3,-3.47,1,0.0345,0.0135,0.000925,0.105,0.452,128.011,60
Intoxicated - DJ Fresh Remix,Martin Solveig,Intoxicated (Remixes),2015,278620,4,0.73,0.832,7,-5.907,1,0.151,0.0213,0.26,0.04,0.131,173.999,8
Jealousy (Radio Edit),Martin Solveig,Jealousy,2015,200388,4,0.794,0.783,5,-5.405,1,0.0497,0.00501,0.000035,0.0946,0.945,125.032,34
The Night Out - Single Version,Martin Solveig,The Night Out EP,2011,255010,4,0.579,0.89,8,-4.803,0,0.153,0.00405,0.0000126,0.311,0.658,127.962,37
Dracula Flow,Mushroom Cloud,Dracula Flow,2011,225103,4,0.733,0.669,2,-3.884,1,0.459,0.103,0.222,0.223,0.131,72.268,50
Crush On You,NERO,Welcome Reality +,2011,250306,4,0.63,0.899,1,-3.446,1,0.0724,0.0034,0,0.176,0.186,140.031,35
Guilt,NERO,Welcome Reality +,2015,284120,4,0.21,0.864,5,-4.498,0,0.0735,0.00585,0,0.146,0.167,139.455,36
Innocence,NERO,Welcome Reality +,2015,308133,4,0.377,0.736,7,-5.666,0,0.0623,0.00126,0.273,0.0849,0.0604,135.75,39
Me And You,NERO,Welcome Reality +,2013,247480,4,0.418,0.923,0,-3.747,1,0.0394,8.16E-05,0.862,0.167,0.247,144.047,38
Must Be The Feeling,NERO,Welcome Reality +,2011,242826,4,0.616,0.796,11,-4.215,1,0.105,0.00374,0.0000351,0.651,0.541,128.08,34
Promises,NERO,Welcome Reality +,2011,257360,4,0.484,0.941,9,-4.339,0,0.0625,4.53E-05,0.00298,0.64,0.319,143.948,50
Satisfy,NERO,Between II Worlds,2012,243870,4,0.421,0.953,7,-4.154,0,0.13,0.00259,0.41,0.186,0.0477,123.937,39
Solar,NERO,Solar,2017,203460,4,0.437,0.932,1,-3.994,1,0.215,0.0515,0.00000509,0.0804,0.239,155.963,49
Two Minds,NERO,Between II Worlds,2019,214838,4,0.658,0.856,6,-4.062,0,0.0495,0.031,0,0.05,0.413,124.039,34
End Of The Night,NGHTMRE,End Of The Night,2018,191250,4,0.678,0.957,4,-4.319,0,0.0804,0.0228,0.147,0.521,0.635,128.038,25
Fall Into Me,NGHTMRE,DRMVRSE,2018,231440,4,0.47,0.849,7,-3.554,0,0.0657,0.0621,0,0.114,0.25,139.943,49
FEELING GUD,NGHTMRE,FEELING GUD,2019,190682,4,0.484,0.94,5,-3.682,0,0.257,0.0145,0.000323,0.266,0.334,173.741,55
All You Need Is Love,Nicky Romero,All You Need Is Love,2014,139927,4,0.712,0.796,0,-6.325,1,0.0486,0.0422,0.0000144,0.274,0.605,125.994,55
Easy,Nicky Romero,Easy,2019,149516,4,0.689,0.822,0,-6.678,0,0.043,0.00677,0.000134,0.121,0.673,123.984,35
Generation 303,Nicky Romero,Generation 303,2013,330470,4,0.774,0.918,4,-2.012,0,0.131,0.0688,0.21,0.395,0.115,128.01,17
Legacy - Radio Edit,Nicky Romero,Legacy,2014,195706,4,0.586,0.707,0,-3.671,0,0.0456,0.0605,0,0.12,0.187,127.961,41
Like Home - Radio Edit,Nicky Romero,Like Home,2013,200156,4,0.575,0.888,2,-2.802,0,0.04,0.116,0.0000596,0.333,0.236,127.908,39
Love You for the Summer,Nicky Romero,Love You for the Summer,2018,172727,4,0.588,0.913,7,-5.583,0,0.0371,0.0564,0.0285,0.164,0.517,132.003,55
Symphonica - Bare Remix,Nicky Romero,Symphonica,2018,255095,4,0.758,0.937,8,-0.01,1,0.0665,0.0219,0.345,0.127,0.298,140.028,20
Toulouse - Bobby Anthony Vocal Mix,Nicky Romero,Toulouse (Bobby Anthony Vocal Mix),2011,178124,4,0.642,0.834,5,-5.529,0,0.269,0.328,0,0.509,0.606,127.881,50
Warriors - Original Mix,Nicky Romero,Warriors,2011,336377,4,0.642,0.845,0,-3.653,0,0.0414,0.0242,0.000962,0.053,0.317,127.017,24
A Moment Apart,ODESZA,A Moment Apart,2017,234244,4,0.406,0.665,7,-7.903,0,0.0352,0.172,0.693,0.492,0.0758,119.988,65
Across The Room,ODESZA,A Moment Apart,2018,283537,4,0.565,0.589,6,-5.967,1,0.0309,0.0158,0.0000245,0.111,0.261,82.037,60
All We Need - ODESZA VIP Remix,ODESZA,The Last Goodbye (Deluxe Edition),2017,210013,4,0.572,0.854,6,-3.879,0,0.0603,0.0126,0.00000132,0.119,0.222,99.958,44
Falls,ODESZA,A Moment Apart,2018,232936,4,0.391,0.696,6,-6.027,1,0.126,0.0394,0.000123,0.135,0.185,160.928,53
Higher Ground,ODESZA,A Moment Apart,2018,215130,4,0.628,0.852,1,-5.107,1,0.0524,0.0881,0.0198,0.242,0.416,104.993,59
Kusanagi,ODESZA,In Return,2016,208000,4,0.254,0.331,0,-8.306,1,0.0321,0.479,0.471,0.164,0.0398,75.186,52
Late Night,ODESZA,A Moment Apart,2016,228590,4,0.62,0.638,2,-6.416,1,0.0687,0.0357,0.0124,0.169,0.414,125.148,57
Line Of Sight,ODESZA,A Moment Apart,2017,236470,4,0.408,0.728,8,-6.357,1,0.176,0.0391,0.00139,0.19,0.169,180.23,59
Say My Name,ODESZA,In Return,2018,262956,4,0.745,0.75,6,-7.357,0,0.0467,0.004,0.423,0.075,0.349,115.039,64
Sun Models,ODESZA,In Return,2014,160000,4,0.681,0.485,8,-9.185,0,0.0755,0.182,0.805,0.0907,0.477,120.005,64
Gecko (Overdrive) - Radio Edit,Oliver Heldens,Gecko (Overdrive) [Radio Edit],2014,165440,4,0.609,0.885,0,-5.469,1,0.0642,0.00521,0.0000115,0.336,0.76,124.959,68
I Don't Wanna Go Home,Oliver Heldens,I Don't Wanna Go Home,2015,203440,4,0.682,0.764,1,-7.253,1,0.0562,0.0187,0.0169,0.0539,0.644,125.003,36
I Was Made For Lovin' You (feat. Nile Rodgers & House Gospel Choir),Oliver Heldens,I Was Made For Lovin' You (feat. Nile Rodgers & House Gospel Choir),2019,157205,4,0.686,0.892,10,-3.186,0,0.0498,0.0577,0.00000711,0.0838,0.752,126.03,69
Koala,Oliver Heldens,Last All Night (Koala) [feat. KStewart] [Remixes],2015,264759,4,0.706,0.934,3,-5.504,0,0.0474,0.0243,0.922,0.876,0.452,128.016,42
Mas Que Nada,Oliver Heldens,Mas Que Nada,2015,127016,4,0.743,0.946,1,-5.023,1,0.0615,0.129,0.864,0.0775,0.514,123.974,69
Rave Machine,Oliver Heldens,Rave Machine,2014,206200,4,0.672,0.825,11,-5.365,0,0.0414,0.00567,0.289,0.0926,0.171,125.993,30
This Groove,Oliver Heldens,This Groove,2015,188174,4,0.823,0.909,1,-4.508,1,0.0635,0.00779,0.0407,0.126,0.787,124.025,55
Madagascar - Radio Edit,Paul Oakenfold,Trance Mission,2007,209565,4,0.242,0.995,10,-4.974,0,0.0624,6E-05,0.895,0.469,0.092,138.007,11
Not Over Yet - Radio Edit,Paul Oakenfold,Trance Mission,2009,269090,4,0.489,0.99,11,-7.425,0,0.0418,0.000456,0.647,0.606,0.153,132.015,15
Ready Steady Go - Extended Mix,Paul Oakenfold,Bunkka,2004,253933,4,0.556,0.944,1,-5.556,0,0.0296,0.00154,0.0295,0.209,0.341,128.012,45
Sex 'N' Money,Paul Oakenfold,A Lively Mind,2006,356960,4,0.681,0.716,8,-2.754,0,0.0768,0.000401,0.119,0.158,0.352,129.004,19
Southern Sun - DJ Tiësto Remix,Paul Oakenfold,Southern Sun / Ready Steady Go,2002,584585,4,0.631,0.784,4,-9.279,0,0.0405,0.0183,0.479,0.603,0.572,137.029,42
Starry Eyed Surprise,Paul Oakenfold,Bunkka,2002,228493,4,0.721,0.794,4,-6.134,1,0.132,0.0195,0.00013,0.283,0.562,103.211,53
Bassline Kickin,Pegboard Nerds,Bassline Kickin,2013,237187,4,0.678,0.977,6,-3.304,1,0.079,0.000762,0.0417,0.289,0.119,128.064,20
Emergency,Pegboard Nerds,Emergency,2015,253125,4,0.618,0.961,11,-2.191,0,0.0548,0.00024,0.687,0.497,0.505,127.992,40
Hero,Pegboard Nerds,Hero,2015,330400,4,0.436,0.922,11,-3.279,0,0.0627,0.00374,0.000413,0.253,0.0928,150.151,45
Party Freaks,Pegboard Nerds,Party Freaks,2015,213851,4,0.686,0.861,6,-4.06,0,0.0282,0.00085,0.000206,0.217,0.602,127.975,32
Pink Cloud,Pegboard Nerds,Pink Cloud,2018,215037,4,0.537,0.842,7,-3.789,1,0.0409,0.0122,0,0.318,0.719,82.444,35
Rocktronik,Pegboard Nerds,Rocktronik,2015,308307,4,0.49,0.908,0,-3.153,1,0.137,0.0016,0.934,0.934,0.424,129.975,19
Self Destruct,Pegboard Nerds,Self Destruct,2019,212571,4,0.544,0.982,4,-3.812,0,0.088,0.00427,0.744,0.312,0.331,140.044,38
Swamp Thing,Pegboard Nerds,Swamp Thing,2018,263111,4,0.558,0.99,7,-2.342,1,0.196,0.00215,0.651,0.645,0.417,134.938,46
Divinity,Porter Robinson,Worlds,2015,368373,4,0.496,0.55,2,-5.418,1,0.034,0.00755,0.0122,0.0814,0.144,90.036,52
Easier to Love You,Porter Robinson,SMILE! :D,2018,250767,4,0.658,0.435,10,-8.514,1,0.0262,0.308,0.000869,0.105,0.153,140.055,59
Flicker,Porter Robinson,Worlds,2017,279000,4,0.589,0.713,10,-3.756,0,0.0976,0.0331,0.000411,0.178,0.547,92.018,47
Get Your Wish,Porter Robinson,Nurture,2021,218509,4,0.541,0.685,11,-5.844,1,0.051,0.0983,0,0.124,0.442,95.008,54
Language,Porter Robinson,Language,2012,368475,4,0.738,0.613,6,-6.001,0,0.403,0.0169,0.0493,0.0684,0.407,127.988,52
Lionhearted,Porter Robinson,Worlds,2015,266106,4,0.621,0.74,8,-6.925,1,0.034,0.0244,0.00219,0.174,0.349,119.993,48
Mirror,Porter Robinson,Nurture,2018,306889,4,0.534,0.668,3,-7.713,1,0.0536,0.00362,0,0.0815,0.35,111.922,47
Sad Machine,Porter Robinson,Worlds,2014,350690,4,0.47,0.706,0,-4.902,0,0.0322,0.034,0.00000131,0.0726,0.327,88.519,56
Shelter,Porter Robinson,Shelter,2016,218964,4,0.477,0.796,0,-4.499,1,0.0369,0.00293,0,0.184,0.27,99.859,62
All Around The World (La La La),R3HAB,All Around The World (La La La),2017,147840,4,0.733,0.859,9,-5.03,0,0.033,0.479,0.0645,0.105,0.52,124.948,63
Am I The Only One,R3HAB,Am I The Only One,2018,152142,4,0.722,0.595,9,-7.743,1,0.0565,0.4,0.00000168,0.0927,0.439,139.907,30
Icarus - R3hab & Skytech Remix,R3HAB,Icarus (Remixes),2016,136344,4,0.621,0.741,1,-4.705,0,0.114,0.00744,0,0.754,0.627,145.079,14
Karate,R3HAB,Karate,2016,210000,4,0.626,0.961,5,-3.587,1,0.0687,0.000407,0.0024,0.684,0.668,128.01,48
Lullaby,R3HAB,The Wave,2017,160183,4,0.626,0.8,1,-3.988,0,0.035,0.0267,0.000133,0.0623,0.26,127.965,46
More Than OK,R3HAB,More Than OK,2018,156226,4,0.812,0.594,5,-6.619,1,0.0781,0.0556,0.000019,0.15,0.623,105.989,23
One More Dance (with Alida),R3HAB,One More Dance (with Alida),2019,145320,3,0.726,0.759,9,-5.107,0,0.0428,0.164,0.000448,0.0891,0.56,123.923,48
Rock My Body,R3HAB,Rock My Body (with INNA & Sash!),2018,137419,4,0.662,0.821,2,-4.103,0,0.13,0.202,0,0.522,0.47,124.077,78
Trouble,R3HAB,Trouble,2017,173203,4,0.673,0.595,0,-6.075,1,0.0863,0.183,0.0000671,0.149,0.558,94.237,30
Core,RL Grime,VOID,2017,236800,3,0.533,0.949,0,-3.902,1,0.0563,0.00167,0.923,0.309,0.616,149.966,46
Era (Eptic Remix),RL Grime,"NOVA (The Remixes, Vol. 1)",2014,284800,4,0.482,0.887,10,-3.815,1,0.253,0.026,0.0000671,0.376,0.392,149.841,32
Feel Free,RL Grime,NOVA,2019,252307,4,0.627,0.791,11,-5.479,0,0.154,0.112,0.0881,0.111,0.0605,156.038,35
Heard Me,RL Grime,High Beams,2019,190865,4,0.775,0.911,1,-4.635,1,0.0471,0.017,0.731,0.175,0.434,153.983,24
I Wanna Know,RL Grime,NOVA,2019,206727,4,0.428,0.849,10,-4.417,1,0.0775,0.504,0.0000061,0.203,0.108,82.759,57
One Day,RL Grime,"Sable Valley Summer, Vol. 2",2016,236712,4,0.49,0.904,7,-2.932,1,0.0487,0.1,0.00121,0.34,0.0612,146.012,20
All I Got,Said The Sky,Wide-Eyed,2018,315724,4,0.326,0.578,2,-6.786,1,0.0455,0.158,0.00479,0.575,0.102,144.731,48
For You (feat. Melissa Hayes),Said The Sky,For You (feat. Melissa Hayes),2019,238001,4,0.577,0.873,0,-5.094,1,0.119,0.113,0.000072,0.332,0.309,140.043,29
Run Away (feat. Car),Said The Sky,Run Away (feat. Car),2019,280737,4,0.481,0.648,1,-6.808,1,0.106,0.00528,0,0.136,0.377,173.862,25
Show & Tell,Said The Sky,Wide-Eyed,2019,185600,4,0.667,0.86,1,-3.74,1,0.0531,0.235,0,0.135,0.463,150.111,49
Walk Me Home,Said The Sky,Sentiment,2019,216125,3,0.4,0.485,8,-7.145,0,0.0369,0.0789,0,0.135,0.211,159.909,52
Calling (Lose My Mind) - Radio Edit,Sebastian Ingrosso,EDM Hits,2012,205440,4,0.416,0.85,1,-4.91,0,0.0455,0.00849,0.000175,0.204,0.142,125.096,56
Kidsos,Sebastian Ingrosso,Kidsos,2014,399678,4,0.684,0.862,5,-7.549,1,0.0467,0.115,0.862,0.0715,0.0992,125.015,29
Reload - Radio Edit,Sebastian Ingrosso,Reload (Vocal Version / Radio Edit),2013,221272,4,0.485,0.723,9,-4.633,0,0.0518,0.0736,0,0.0631,0.432,128.045,65
Skip,Sebastian Ingrosso,Skip,2018,151520,4,0.696,0.973,7,-6.022,1,0.122,0.0406,0.0193,0.142,0.428,132,50
Cold Skin - MitiS Remix,Seven Lions,Cold Skin (The Remixes),2019,236712,4,0.519,0.874,10,-4.219,1,0.0389,0.144,0.0016,0.0548,0.166,145.944,45
Creation,Seven Lions,Creation,2018,311272,4,0.52,0.839,9,-4.94,0,0.384,0.00254,0.0000088,0.0861,0.365,130.009,30
Days to Come (feat. Fiora),Seven Lions,Days To Come EP,2012,284262,4,0.467,0.723,0,-7.101,0,0.0536,0.117,0.00000349,0.186,0.207,139.995,38
Falling Away - Festival Mix (Radio Edit),Seven Lions,Creation,2017,225014,4,0.476,0.83,7,-3.918,0,0.0564,0.0022,0,0.807,0.211,127.997,40
Island (feat. Nevve),Seven Lions,Island (feat. Nevve),2018,278400,4,0.427,0.836,5,-3.323,0,0.0466,0.0456,0.00238,0.369,0.248,150.128,50
Ones I Used To Love,Seven Lions,Ones I Used To Love,2018,209302,4,0.344,0.74,2,-4.641,1,0.0453,0.000587,0,0.317,0.35,172.046,58
Rush Over Me (feat. HALIENE),Seven Lions,10 Years of Seven Lions,2018,259555,4,0.439,0.749,0,-4.079,1,0.0453,0.0691,0,0.027,0.249,135.027,53
Bangarang (feat. Sirah),Skrillex,Bangarang EP,2011,215253,4,0.716,0.972,7,-2.302,1,0.196,0.0145,0.0000322,0.317,0.576,110.026,69
First of the Year (Equinox),Skrillex,More Monsters and Sprites EP,2011,261517,3,0.429,0.948,5,-3.657,0,0.227,0.00711,0.0148,0.0812,0.55,115.785,63
Kill EVERYBODY,Skrillex,Scary Monsters and Nice Sprites EP,2010,297986,4,0.788,0.874,0,-3.336,1,0.0805,0.00219,0.00231,0.0998,0.629,126.988,49
Kyoto (feat. Sirah),Skrillex,Bangarang EP,2018,200786,4,0.605,0.92,4,-2.298,0,0.0713,0.0012,0.000596,0.483,0.219,174.974,57
Make It Bun Dem,Skrillex,Make It Bun Dem After Hours EP,2011,213696,1,0.556,0.881,7,-2.224,1,0.082,0.00119,0,0.0709,0.337,104.973,61
Rock 'n' Roll (Will Take You to the Mountain),Skrillex,Scary Monsters and Nice Sprites EP,2014,284130,4,0.713,0.971,0,-1.264,1,0.381,0.00228,0.0000205,0.242,0.676,128.064,51
Ruffneck - Full Flex,Skrillex,More Monsters and Sprites EP,2011,226285,4,0.646,0.97,5,-1.64,1,0.129,0.000244,0.00483,0.0668,0.325,140.145,48
Scary Monsters and Nice Sprites,Skrillex,Scary Monsters and Nice Sprites EP,2010,243353,4,0.523,0.944,7,-3.581,0,0.0837,0.00336,0.557,0.119,0.324,139.997,58
Summit (feat. Ellie Goulding),Skrillex,Bangarang EP,2011,373986,4,0.692,0.773,6,-3.739,1,0.0359,0.226,0.0104,0.108,0.486,139.989,56
"With You, Friends (Long Drive)",Skrillex,Scary Monsters and Nice Sprites EP,2010,389023,4,0.366,0.572,2,-4.748,1,0.0377,0.343,0.00895,0.186,0.356,119.938,39
Back To U,SLANDER,Back To U,2019,214400,4,0.586,0.499,4,-6.627,1,0.049,0.645,0,0.109,0.272,149.79,57
Love Is Gone - Acoustic,SLANDER,Love Is Gone (Acoustic),2020,176971,4,0.541,0.153,6,-10.654,1,0.0303,0.882,0.00000166,0.16,0.359,139.644,75
Potions - SLANDER & Bossfight Remix,SLANDER,Potions (SLANDER & Bossfight Remix),2020,238800,4,0.437,0.753,8,-4.738,1,0.0567,0.00441,0.000494,0.367,0.129,149.943,27
Running To You,SLANDER,Running To You,2019,300850,4,0.465,0.855,4,-2.429,0,0.0615,0.00804,0.000368,0.0749,0.0909,149.941,39
Superhuman,SLANDER,Superhuman,2019,268611,4,0.569,0.727,7,-6.415,1,0.0437,0.028,0,0.949,0.16,127.908,53
All I Need,Slushii,All I Need,2019,225750,4,0.82,0.948,4,-3.154,1,0.092,0.00374,0.943,0.068,0.551,123.991,52
Dreaming of You,Slushii,Dreaming of You,2018,183272,4,0.456,0.92,7,-1.564,1,0.169,0.0152,0.000164,0.045,0.484,164.858,30
Level Up,Slushii,Find Your Wings,2018,202554,4,0.733,0.785,3,-2.446,0,0.25,0.00393,0.317,0.0611,0.539,150.037,29
LUV U NEED U,Slushii,LUV U NEED U,2018,146709,4,0.774,0.81,1,-2.984,0,0.0734,0.186,0.00949,0.0261,0.975,146.95,49
Melting over You,Slushii,Out of Light,2018,188044,4,0.698,0.86,4,-3.21,1,0.0435,0.139,0.00233,0.215,0.352,95.02,23
We’re Falling,Slushii,Blow The Socket,2019,174677,4,0.611,0.908,4,-6.575,1,0.0332,0.135,0.843,0.327,0.531,124.001,0
Show Me Love (feat. Robin S) - Radio Edit,Steve Angello,Show Me Love (feat. Robin S),2011,185613,4,0.658,0.854,5,-4.167,1,0.0533,0.495,0,0.122,0.578,129.971,51
Stockholm Skies (feat. Tom Taped & Alex Aris),Steve Angello,Wild Youth,2014,273440,4,0.559,0.759,10,-5.866,1,0.0394,0.0172,0.00558,0.158,0.145,128.001,30
Be Somebody (feat. Kiiara),Steve Aoki,Neon Future III,2019,198281,4,0.698,0.875,11,-4.665,1,0.0824,0.00557,0.00000188,0.0618,0.39,115.012,33
Boneless,Steve Aoki,Boneless,2012,270000,4,0.743,0.962,11,-3.205,0,0.0626,0.00436,0.643,0.351,0.648,127.995,57
Delirious (Boneless) (feat. Kid Ink),Steve Aoki,Neon Future I,2013,223413,4,0.706,0.912,8,-4.44,0,0.0565,0.0195,0,0.232,0.925,128.004,58
Just Hold On,Steve Aoki,Neon Future III,2016,198774,4,0.647,0.932,11,-3.515,1,0.0824,0.00383,0.0000015,0.0574,0.374,114.991,55
Pretender (feat. Lil Yachty & AJR),Steve Aoki,Neon Future III,2022,188737,4,0.637,0.778,5,-3.642,0,0.0706,0.0248,0,0.228,0.286,103.093,47
Waste It On Me (feat. BTS),Steve Aoki,Neon Future III,2018,192536,4,0.669,0.684,7,-4.595,1,0.0585,0.252,0,0.72,0.466,96.097,60
Antidote - Swedish House Mafia Dub,Swedish House Mafia,Antidote,2013,374124,4,0.641,0.902,0,-6.061,1,0.0839,0.000623,0.88,0.0618,0.608,128.011,21
Don't You Worry Child - Radio Edit,Swedish House Mafia,Don't You Worry Child,2012,212862,4,0.612,0.84,11,-3.145,0,0.0509,0.112,0,0.116,0.438,129.042,81
Greyhound,Swedish House Mafia,Until Now,2012,410096,4,0.723,0.806,0,-4.989,1,0.0521,0.00666,0.876,0.276,0.539,124.976,61
Heaven Takes You Home (feat. Connie Constance),Swedish House Mafia,Paradise Again,2022,214071,4,0.665,0.738,0,-5.931,0,0.0379,0.0124,0.00598,0.0923,0.0389,125.037,76
Miami 2 Ibiza - Swedish House Mafia vs. Tinie Tempah,Swedish House Mafia,Disc-Overy,2010,206460,4,0.736,0.929,7,-5.89,0,0.0674,0.00237,0.0000111,0.402,0.658,125.03,46
One - Radio Edit,Swedish House Mafia,One (Your Name),2012,169920,4,0.802,0.781,0,-6.564,1,0.0368,0.0075,0.825,0.147,0.622,125.026,60
Save The World,Swedish House Mafia,Save The World,2011,213337,4,0.507,0.665,0,-7.598,1,0.0474,0.0144,0,0.0759,0.4,126.879,65
Adieu,Tchami,Adieu,2021,413333,4,0.717,0.747,11,-4.932,0,0.0409,0.0467,0.635,0.0772,0.335,125.983,54
After Life (feat. Stacy Barthe),Tchami,After Life (feat. Stacy Barthe),2014,293333,4,0.604,0.903,0,-4.231,1,0.0449,0.000176,0.53,0.0586,0.078,125.989,46
Missing You (feat. AC Slater & Kaleem Taylor),Tchami,Missing You (feat. AC Slater & Kaleem Taylor),2018,313700,4,0.764,0.894,8,-3.996,1,0.0564,0.00273,0.00899,0.0525,0.679,126.996,35
N9,Tchami,N9,2014,225000,4,0.596,0.987,11,-5.591,1,0.178,0.000207,0.387,0.304,0.0583,128.002,51
Prophecy,Tchami,Prophecy,2014,278400,4,0.765,0.824,2,-1.957,1,0.0487,0.0052,0.775,0.0627,0.235,125.006,37
Rainforest,Tchami,Rainforest,2015,228571,4,0.747,0.898,8,-5.206,0,0.221,0.0302,0.0321,0.0897,0.479,126.049,30
SIAW,Tchami,House Of Bliss,2019,274285,4,0.805,0.84,1,-4.527,1,0.102,0.00172,0.52,0.0751,0.411,126.019,29
Untrue,Tchami,Untrue,2018,250413,4,0.68,0.869,4,-5.085,0,0.034,0.00326,0.818,0.261,0.403,121.028,38
World To Me,Tchami,World To Me,2016,302950,4,0.719,0.72,11,-4.799,1,0.049,0.00283,0.00698,0.0962,0.628,122.015,29
Closer,The Chainsmokers,Closer,2016,244960,4,0.748,0.524,8,-5.599,1,0.0338,0.414,0,0.111,0.661,95.01,84
Don't Let Me Down,The Chainsmokers,Don't Let Me Down,2016,208373,4,0.533,0.869,11,-5.093,1,0.173,0.156,0.00538,0.136,0.425,159.805,81
Let You Go - Radio Edit,The Chainsmokers,Let You Go (Radio Edit),2016,218973,4,0.598,0.882,5,-2.894,1,0.0954,0.27,0,0.0793,0.25,125.979,49
Paris,The Chainsmokers,Memories...Do Not Open,2017,221506,4,0.653,0.658,2,-6.428,1,0.0304,0.0215,0.00000166,0.0939,0.219,99.99,73
Roses,The Chainsmokers,Roses,2015,226738,4,0.713,0.802,4,-7.055,1,0.0561,0.0435,0.00377,0.309,0.343,100.001,73
Sick Boy,The Chainsmokers,Sick Boy,2018,193200,4,0.663,0.577,11,-7.518,0,0.0531,0.109,0,0.12,0.454,89.996,63
Side Effects,The Chainsmokers,Sick Boy,2018,172746,4,0.669,0.711,8,-6.758,1,0.033,0.00217,0,0.466,0.544,110.01,54
Something Just Like This,The Chainsmokers,Memories...Do Not Open,2017,247160,4,0.617,0.635,11,-6.769,0,0.0317,0.0498,0.0000144,0.164,0.446,103.019,88
Takeaway,The Chainsmokers,World War Joy,2019,209880,4,0.528,0.511,3,-8.144,1,0.0324,0.126,0,0.101,0.351,100.1,68
Who Do You Love,The Chainsmokers,World War Joy,2019,226733,4,0.51,0.846,3,-4.595,1,0.0461,0.0101,0,0.208,0.475,139.927,66
Block Rockin' Beats,The Chemical Brothers,Dig Your Own Hole,1997,313666,4,0.558,0.982,10,-3.125,0,0.063,0.0227,0.522,0.117,0.69,109.369,49
Do It Again,The Chemical Brothers,We Are The Night,2004,332973,4,0.867,0.714,4,-5.144,1,0.0662,0.0224,0.704,0.104,0.623,123.974,48
Galvanize,The Chemical Brothers,Push The Button,2005,393813,4,0.745,0.714,7,-3.681,1,0.0751,0.0141,0.0222,0.363,0.365,104.003,62
Go,The Chemical Brothers,Born In The Echoes,2005,260696,4,0.751,0.897,1,-3.598,1,0.0468,0.00957,0.0000288,0.329,0.482,119.97,46
Hey Boy Hey Girl,The Chemical Brothers,Surrender,2002,290493,4,0.632,0.92,2,-4.976,1,0.0531,0.119,0.508,0.114,0.363,127.001,63
Leave Home,The Chemical Brothers,Exit Planet Dust,1995,332788,4,0.626,0.848,2,-8.691,1,0.0431,0.0123,0.798,0.695,0.611,108.012,49
Setting Sun,The Chemical Brothers,Dig Your Own Hole,1996,328733,4,0.446,0.995,6,-1.169,1,0.223,0.000738,0.13,0.354,0.248,135.041,41
Star Guitar,The Chemical Brothers,Come With Us,2002,387173,4,0.492,0.956,5,-4.186,1,0.0472,0.00892,0.872,0.288,0.36,126.968,48
The Salmon Dance,The Chemical Brothers,We Are The Night,2007,220226,4,0.863,0.736,0,-6.888,1,0.0439,0.0421,0.0000503,0.0968,0.739,124.013,52
Wide Open,The Chemical Brothers,Born In The Echoes,2015,354603,4,0.607,0.593,7,-9.291,1,0.0259,0.102,0.32,0.183,0.207,124.014,42
Drive It Like You Stole It,The Glitch Mob,Drink the Sea,2014,356453,4,0.608,0.68,5,-8.953,0,0.0818,0.106,0.934,0.31,0.419,85.962,41
Eeze Up,The Glitch Mob,Eeze Up,2014,204053,4,0.79,0.796,1,-4.225,1,0.228,0.000538,0.547,0.0874,0.591,155.057,43
Fortune Days,The Glitch Mob,Drink the Sea,2010,382813,4,0.598,0.67,1,-9.205,0,0.095,0.383,0.805,0.0781,0.189,104.964,49
Mind of a Beast,The Glitch Mob,Love Death Immortality,2010,256982,4,0.473,0.955,1,-4.812,1,0.054,2.72E-05,0.902,0.0627,0.259,144.013,37
Breathe,The Prodigy,The Fat of the Land,1997,336280,4,0.673,0.808,9,-6.183,1,0.0491,0.0121,0.878,0.037,0.303,130.041,52
Charly,The Prodigy,Charly,1991,239133,4,0.694,0.79,1,-12.876,1,0.0532,0.0038,0.0212,0.329,0.402,131.009,38
Diesel Power,The Prodigy,The Fat of the Land,1997,257600,4,0.725,0.877,0,-3.496,1,0.0646,0.068,0.0000365,0.09,0.0976,105.921,37
Firestarter,The Prodigy,The Fat of the Land,1996,279800,4,0.545,0.948,11,-5.098,1,0.0779,0.00335,0.364,0.226,0.355,141.507,51
No Good (Start the Dance),The Prodigy,Music for the Jilted Generation,1994,379906,4,0.642,0.996,5,-4.343,0,0.0557,0.00662,0.75,0.181,0.161,144.993,35
Omen,The Prodigy,Invaders Must Die,1994,216026,4,0.545,0.953,7,-5.172,1,0.0441,0.000941,0.117,0.281,0.558,140.002,60
Out of Space,The Prodigy,Experience,1992,302106,4,0.652,0.944,9,-4.804,1,0.0515,0.00225,0.276,0.103,0.454,147.078,61
Poison,The Prodigy,Music for the Jilted Generation,1995,402466,4,0.56,0.95,11,-5.99,0,0.129,0.0498,0.0864,0.124,0.228,103.993,29
Smack My Bitch Up,The Prodigy,The Fat of the Land,1997,343386,4,0.604,0.995,10,-3.641,0,0.164,0.00306,0.626,0.109,0.262,136.216,50
Voodoo People,The Prodigy,Music for the Jilted Generation,1994,387066,4,0.664,0.998,6,-5.86,0,0.0642,0.00128,0.466,0.287,0.37,149.002,38
Adagio For Strings,Tiësto,Just Be,2015,443426,4,0.604,0.939,10,-7.49,0,0.0544,0.0102,0.698,0.0723,0.205,139.975,57
Don't Be Shy,Tiësto,Don't Be Shy,2021,140500,4,0.77,0.787,11,-3.748,0,0.0583,0.198,0,0.262,0.513,119.986,74
Jackie Chan,Tiësto,Jackie Chan,2018,215759,4,0.747,0.834,3,-2.867,0,0.045,0.374,0,0.0586,0.687,128.005,70
Lethal Industry,Tiësto,In My Memory,2001,405920,4,0.581,0.879,4,-9.845,0,0.057,6.62E-06,0.852,0.0848,0.0399,135.026,45
Red Lights,Tiësto,A Town Called Paradise,2013,262200,4,0.654,0.83,10,-4.801,1,0.0366,0.000629,0.00000113,0.121,0.548,124.989,64
Secrets,Tiësto,"Club Life, Vol. 4 - New York City",2014,250946,4,0.648,0.812,11,-7.585,0,0.0414,0.000329,0.0369,0.0857,0.122,128.178,63
Summer Nights - Tiësto’s Deep House Remix,Tiësto,Summer Nights (Tiësto’s Deep House Remix),2016,192096,4,0.61,0.885,5,-3.929,0,0.055,0.0102,0,0.393,0.464,123.989,32
The Business,Tiësto,The Business,2020,164000,4,0.798,0.62,8,-7.079,0,0.232,0.414,0.0192,0.112,0.235,120.031,74
Wasted,Tiësto,A Town Called Paradise (Deluxe),2015,190013,4,0.638,0.816,2,-5.503,1,0.0308,0.00149,0.00115,0.195,0.386,112.014,61
Anchor - Noisestorm Remix,Tritonal,Anchor (Remixes),2015,242823,4,0.342,0.691,5,-2.905,0,0.0329,0.000674,0.0000333,0.26,0.665,175.272,39
Blackout,Tritonal,Blackout,2019,211690,4,0.529,0.739,7,-2.62,0,0.0301,0.233,0.000815,0.112,0.183,141.889,30
From The Inside,Tritonal,From The Inside,2017,217377,4,0.587,0.753,4,-6.066,1,0.0419,0.279,0.000133,0.238,0.463,122.068,41
GAMMA GAMMA - Brillz Remix,Tritonal,GAMMA GAMMA (Remixes),2012,270857,4,0.462,0.987,6,-3.62,1,0.132,0.000283,0.107,0.17,0.264,139.957,16
Good Thing,Tritonal,Good Thing,2016,202314,4,0.679,0.77,7,-3.405,1,0.0364,0.487,0,0.292,0.657,121.051,30
Hung Up,Tritonal,Hung Up,2013,220000,4,0.443,0.726,7,-3.745,1,0.167,0.416,0,0.369,0.37,119.824,36
Medicine (Tritonia 487) [Tritonal Throwback],Tritonal,Tritonia 487,2021,298581,4,0.502,0.893,7,-4.577,1,0.0559,0.522,0.0105,0.338,0.518,147.952,34
Satellite - Instrumental Mix,Tritonal,Tritonia - Chapter 001,2011,254250,4,0.513,0.769,10,-4.45,0,0.0396,0.0984,0.0000383,0.266,0.174,128.07,12
Something New (Tritonia 469) [Tritonal Throwback] - Club Mix,Tritonal,Tritonia 469,2016,354090,4,0.642,0.625,3,-8.943,0,0.0396,0.00175,0.0142,0.477,0.223,132.024,12
Angels (feat. Kat Nestel) - Radio Edit,Vicetone,Angels (feat. Kat Nestel),2015,214325,4,0.527,0.846,1,-3.721,0,0.121,0.0335,0.000133,0.144,0.554,128.026,55
Animal,Vicetone,Legacy,2013,197661,4,0.601,0.916,4,-2.155,0,0.0318,0.0248,0.00124,0.362,0.14,123.991,56
Catch Me,Vicetone,Catch Me,2015,192611,4,0.648,0.91,9,-3.459,0,0.0532,0.0101,0.00702,0.387,0.867,126.003,20
I Hear You,Vicetone,I Hear You,2019,158894,4,0.541,0.751,8,-3.093,0,0.0747,0.233,0.000862,0.12,0.422,118.035,37
Nevada,Vicetone,Nevada,2016,208561,4,0.605,0.783,3,-4.271,1,0.0324,0.299,0.000175,0.133,0.105,124.015,70
No Way Out (feat. Kat Nestel) - Radio Edit,Vicetone,No Way Out (feat. Kat Nestel),2016,206814,4,0.576,0.864,0,-4.287,0,0.0527,0.0832,0,0.241,0.425,126.021,39
Stars,Vicetone,Stars,2016,238125,4,0.538,0.749,4,-2.922,0,0.0359,0.0626,0,0.436,0.0855,128.002,26
United We Dance - Vicetone Edit,Vicetone,United We Dance (New Mixes),2018,255483,4,0.594,0.65,10,-5.073,1,0.0404,0.014,0.0142,0.267,0.106,126,38
Waiting,Vicetone,Waiting,2019,205714,4,0.651,0.7,1,-4.264,0,0.0318,0.352,0,0.061,0.214,104.964,59
Energy Drink,Virtual Riot,The Classics,2018,303777,4,0.817,0.927,7,-4.119,0,0.22,0.0477,0.0563,0.102,0.443,128.029,44
Lost It - VIP,Virtual Riot,Lost It,2018,266322,4,0.635,0.947,10,-1.919,0,0.123,0.0233,0.0541,0.126,0.593,155.01,42
Showdown,Virtual Riot,Chemistry EP,2016,242400,4,0.562,0.955,11,-4.67,0,0.368,0.0103,0.0592,0.283,0.197,149.996,15
The Darkest Night,Virtual Riot,German Engineering EP,2018,248432,4,0.451,0.663,9,-8.036,0,0.121,0.0497,0.578,0.271,0.111,143.75,21
Touhou Riddim - Subtronics Remix,Virtual Riot,Simulation - The DLC,2020,208551,4,0.597,0.988,6,-1.494,1,0.587,0.041,0.0911,0.134,0.317,72.454,39
Automatic,Wolfgang Gartner,Automatic,2009,213458,4,0.673,0.819,8,-5.174,0,0.158,0.00847,0.0011,0.206,0.349,174.027,29
Feel Right,Wolfgang Gartner,10 Ways To Steal Home Plate,2015,195761,4,0.428,0.885,9,-4.101,1,0.0527,0.00635,0,0.0924,0.0762,127.927,32
Flexx - Radio Edit,Wolfgang Gartner,Flexx,2011,206733,4,0.596,0.956,1,-3.176,1,0.103,0.000502,0.0000412,0.312,0.058,128.969,18
Hurricane Slurricane,Wolfgang Gartner,10 Ways To Steal Home Plate,2017,176591,4,0.734,0.879,4,-3.853,1,0.0802,0.00227,0.00000197,0.497,0.607,116.995,15
Illmerica,Wolfgang Gartner,Weekend In America,2010,337800,5,0.624,0.718,2,-4.495,0,0.0458,0.000363,0.00519,0.328,0.145,129.031,39
Love & War,Wolfgang Gartner,Love & War,2013,371306,4,0.46,0.799,6,-4.913,1,0.0516,2.2E-05,0.00296,0.075,0.239,127.98,18
Space Junk,Wolfgang Gartner,Weekend In America,2011,208666,4,0.589,0.859,1,-4.674,0,0.177,5.17E-05,0.1,0.0592,0.0528,129.497,21
DJ Turn It Up,Yellow Claw,Amsterdam Twerk Music,2016,211776,4,0.829,0.695,1,-5.561,1,0.0473,0.000956,0.178,0.112,0.369,102.018,61
In My Room (feat. Ty Dolla $ign & Tyga),Yellow Claw,Blood For Mercy,2015,168641,4,0.745,0.869,6,-4.375,1,0.0444,0.00193,0,0.0799,0.814,104.015,49
Love & War - Yellow Claw G-Funk Remix,Yellow Claw,"Los Amsterdam (Remixes, Pt. 1)",2014,115546,4,0.725,0.74,8,-5.08,1,0.0323,0.00156,0.000464,0.338,0.827,92.978,58
Public Enemy,Yellow Claw,New Blood,2015,225624,4,0.576,0.968,6,-2.078,0,0.0554,1.48E-05,0.345,0.689,0.261,150.018,37
Shotgun,Yellow Claw,Shotgun,2018,193659,4,0.656,0.908,4,-3.195,0,0.0327,0.0114,0.212,0.17,0.232,144.983,51
Till It Hurts,Yellow Claw,Till It Hurts,2016,188680,4,0.547,0.886,8,-4.017,1,0.0308,0.000619,0.000232,0.193,0.294,145.055,44
Beautiful Now,Zedd,True Colors,2015,218293,4,0.628,0.832,11,-4.126,0,0.0282,0.0079,0.0000146,0.074,0.56,128.003,67
Clarity,Zedd,Clarity,2012,271426,4,0.509,0.781,8,-3.48,1,0.072,0.0398,0,0.0749,0.176,128,74
Find You,Zedd,Divergent: Original Motion Picture Soundtrack,2014,203306,4,0.537,0.759,3,-5.622,1,0.0444,0.0267,0,0.0947,0.377,127.973,49
Get Low (with Liam Payne),Zedd,Get Low (with Liam Payne),2019,204583,4,0.718,0.926,1,-3.511,1,0.0494,0.027,0.0000176,0.0513,0.54,108.018,53
Happy Now,Zedd,Happy Now,2019,207029,3,0.503,0.741,4,-5.128,1,0.047,0.579,0.00000149,0.0712,0.458,88.335,63
Happy Now,Zedd,Happy Now,2019,207029,3,0.503,0.741,4,-5.128,1,0.047,0.579,0.00000149,0.0712,0.458,88.335,63
I Want You To Know,Zedd,True Colors,2015,240000,4,0.579,0.846,9,-2.876,0,0.0574,0.00537,0.00000688,0.145,0.367,129.999,64
Spectrum,Zedd,Clarity,2011,243413,4,0.609,0.801,0,-4.417,0,0.034,0.0137,0.00349,0.127,0.407,129.99,59
Stay,Zedd,Stay,2016,210090,4,0.69,0.622,5,-5.025,0,0.0622,0.253,0,0.116,0.544,102.04,74
The Middle,Zedd,The Middle,2017,184732,4,0.753,0.657,7,-3.061,1,0.0449,0.171,0,0.112,0.437,107.01,78
Adrenaline,Zeds Dead,Adrenaline,2018,212560,4,0.594,0.807,9,-4.973,1,0.199,0.000867,0.000147,0.33,0.485,140.249,27
Alive,Zeds Dead,Alive,2018,197388,4,0.618,0.758,8,-7.996,1,0.0336,0.0087,0.102,0.147,0.144,120.987,55
Collapse (feat. Memorecks),Zeds Dead,Somewhere Else,2016,284444,4,0.45,0.756,1,-6.307,0,0.0389,0.108,0.0205,0.0762,0.268,135.102,45
In The Beginning,Zeds Dead,Adrenaline,2013,229290,4,0.677,0.849,1,-5.619,1,0.0848,0.00682,0.267,0.121,0.0586,140.027,34
Lost You (feat. Twin Shadow & D'Angelo Lacy),Zeds Dead,Lost You (feat. Twin Shadow & D'Angelo Lacy),2020,218312,4,0.736,0.882,11,-4.285,0,0.0398,0.0833,0.000349,0.354,0.517,126.012,47
Rude Boy,Zeds Dead,Rude Boy,2012,164575,4,0.568,0.858,11,-2.442,0,0.307,0.0308,0.778,0.108,0.453,139.795,37
You Know - Radio Edit,Zeds Dead,You Know,2015,197429,4,0.672,0.843,4,-6.513,0,0.0365,0.0327,0.736,0.132,0.473,123.994,38
